product_id,sales,cumulative_share
TEC-CO-10004722,61599.824,0.02681516669463351
OFF-BI-10003527,27453.384000000002,0.03876596493541719
TEC-MA-10002412,22638.48,0.04862077580164834
FUR-CH-10002024,21870.576,0.058141308541281675
OFF-BI-10001359,19823.479,0.06677071459043804
OFF-BI-10000545,19024.5,0.07505231518043413
TEC-CO-10001449,18839.686,0.08325346394612788
TEC-MA-10001127,18374.895,0.09125228343011517
OFF-BI-10004995,17965.068,0.09907270014267633
OFF-SU-10000151,17030.311999999998,0.10648620598551149
TEC-MA-10000822,16829.901,0.11381247043667583
OFF-SU-10002881,16656.2,0.12106312069014334
OFF-BI-10001120,15875.916000000001,0.12797410364960765
FUR-BO-10004834,15610.9656,0.13476975041684824
TEC-MA-10001047,14299.89,0.14099466972935995
TEC-PH-10001459,13943.668,0.147064521191186
TEC-AC-10002049,13756.536,0.15305291177458646
TEC-PH-10002885,12996.6,0.15871049280052374
FUR-TA-10003473,12995.2915,0.16436750422019683
FUR-CH-10001215,12975.382,0.17001584878781356
FUR-BO-10002213,12921.643,0.1756408001028294
TEC-CO-10003763,11619.834,0.18069905782892243
FUR-CH-10004287,11572.78,0.18573683236575098
OFF-AP-10002945,11304.44,0.190657795175474
TEC-AC-10003832,11203.756,0.19553492899238228
TEC-MA-10000418,11099.963,0.20036688043025108
OFF-ST-10000078,10925.003999999999,0.2051226700474347
TEC-AC-10003033,10822.36,0.20983377745951648
FUR-CH-10000454,10637.528,0.21446442521167294
FUR-TA-10000198,9917.640000000001,0.21878169679701648
OFF-ST-10003716,9630.856,0.22297412775350772
FUR-TA-10001889,9544.725,0.22712906481841613
TEC-MA-10000488,9279.884,0.2311687133142765
OFF-ST-10004459,9158.296,0.23515543304709255
FUR-CH-10003973,9070.944,0.2391041273718959
TEC-CO-10001046,8959.872,0.2430044706787628
TEC-CO-10002095,8899.822,0.24687867347652676
TEC-PH-10001817,8878.4,0.2507435510122424
FUR-CH-10001854,8774.5,0.25456319959049256
FUR-CH-10004063,8665.194,0.2583352659124895
FUR-CH-10004086,8430.997,0.26200538337836005
FUR-TA-10001095,8209.059,0.2655788884827104
OFF-ST-10001490,8138.232,0.26912156171631574
TEC-PH-10001530,8111.1359999999995,0.272652439725364
OFF-BI-10003925,8070.192,0.27616549430385917
TEC-MA-10004125,7999.98,0.2796479847287301
OFF-BI-10004600,7985.383,0.2831241208986239
FUR-CH-10003379,7979.4400000000005,0.2865976700069757
TEC-MA-10000984,7834.4,0.29000808140608025
OFF-ST-10003208,7730.196,0.29337313151275246
TEC-MA-10003979,7699.89,0.2967249890420912
TEC-PH-10004165,7699.72,0.3000767725683235
FUR-CH-10002331,7582.374,0.30337747392667563
FUR-BO-10002545,7539.7122,0.30665960407484877
OFF-ST-10001780,7515.523999999999,0.3099312047998366
TEC-PH-10002200,7437.886,0.3131690087413816
FUR-TA-10003954,7404.5,0.31639227934342773
TEC-AC-10004145,7399.704,0.31961346218724473
FUR-TA-10000577,7242.768,0.3227663288456065
TEC-PH-10000560,7139.796,0.3258743705164022
TEC-MA-10000045,6965.700000000001,0.32890662604110643
FUR-TA-10002958,6942.068,0.33192859426337734
FUR-CH-10002335,6936.102,0.33494796541192123
TEC-PH-10001795,6935.862,0.3379672320854912
OFF-AP-10002651,6832.908,0.34094168160711796
OFF-ST-10003470,6819.312,0.3439102126214714
OFF-BI-10003650,6785.142,0.3468638690114111
FUR-TA-10003569,6776.562,0.3498137904210326
FUR-CH-10004997,6748.482,0.35275148825870395
OFF-ST-10001496,6594.954,0.35562235345554993
FUR-CH-10000015,6584.64,0.3584887288403912
OFF-ST-10002615,6574.544,0.36135070931132895
FUR-TA-10001950,6518.754,0.364188403703951
FUR-CH-10002320,6483.796,0.36701088044599495
FUR-CH-10004495,6410.874,0.3698016133378339
TEC-CO-10004115,6399.872,0.3725875569227428
TEC-PH-10000895,6227.654,0.37529853187823137
TEC-PH-10002584,6134.701999999999,0.3779690436763154
TEC-PH-10002624,6109.87,0.3806287457970965
FUR-CH-10000309,6084.144,0.3832772490712966
FUR-CH-10000785,6008.536,0.38589283924620865
TEC-CO-10002313,5999.9,0.3885046700633086
FUR-CH-10002965,5989.204,0.3911118447790702
FUR-TA-10004575,5965.09,0.39370852237182585
OFF-AP-10000275,5906.52,0.39627970371781773
FUR-CH-10003746,5906.032,0.3988506726313627
FUR-CH-10001394,5861.532999999999,0.4014022705788032
FUR-TA-10004915,5801.816,0.40392787297616706
TEC-MA-10004002,5787.3550000000005,0.406447180321039
OFF-ST-10001526,5751.774,0.40895099881571295
FUR-CH-10000595,5697.76,0.41143130434687836
TEC-CO-10001766,5669.874,0.4138994707566975
FUR-TA-10004256,5634.9,0.4163524125509401
TEC-AC-10003870,5609.83,0.4187944410635306
OFF-ST-10000142,5572.792,0.4212203464757688
OFF-BI-10004632,5535.593,0.42363005870235965
FUR-BO-10001811,5492.885,0.42602117960733904
FUR-CH-10002880,5436.158,0.42838760654629204
FUR-CH-10002073,5427.99,0.43075047785363224
TEC-PH-10004586,5327.26,0.4330695001437877
FUR-CH-10000988,5294.456,0.435374242446256
TEC-PH-10004977,5291.7300000000005,0.43767779808714535
FUR-CH-10003312,5282.424,0.4399773027109205
FUR-CH-10004675,5212.112,0.4422461996498322
TEC-MA-10001148,5204.241,0.4445116702449113
FUR-BO-10002613,5184.081,0.4467683649421799
TEC-AC-10001838,5119.744000000001,0.44899705294612374
FUR-TA-10001932,5098.176,0.45121635213241007
OFF-AP-10003849,5009.48,0.45339704085082966
TEC-PH-10000984,4978.146000000001,0.4555640894907774
FUR-TA-10001539,4952.673,0.45772004941817934
TEC-PH-10001363,4901.914000000001,0.4598539133239066
FUR-BO-10004695,4886.46,0.46198104991193756
TEC-CO-10004202,4859.838,0.46409659761348476
OFF-ST-10001932,4829.25,0.46619882997960416
OFF-ST-10002011,4778.766,0.4682790860349566
FUR-CH-10000513,4770.633,0.47035580169463
OFF-ST-10002743,4704.696,0.4724038141611522
FUR-CH-10000847,4626.582,0.4744178226355334
FUR-CH-10002602,4619.987999999999,0.4764289606600058
TEC-PH-10001494,4619.23,0.4784397687176855
OFF-ST-10003306,4600.092,0.48044224576681877
FUR-TA-10002903,4544.925,0.4824207079372563
OFF-ST-10001809,4509.465999999999,0.4843837343656075
OFF-ST-10000689,4479.03,0.48633351162601424
OFF-AP-10001058,4476.96,0.488282387789771
FUR-TA-10004154,4446.175,0.49021786286155866
TEC-PH-10003012,4434.912,0.4921484350098822
FUR-CH-10003981,4420.056,0.4940725401573193
TEC-CO-10001571,4399.92,0.4959878798544432
OFF-ST-10002756,4384.044,0.49789630853204153
FUR-TA-10000617,4334.827499999999,0.49978331265732906
FUR-TA-10003748,4332.2519999999995,0.5016691956355525
OFF-BI-10003091,4322.814,0.5035509701354259
FUR-TA-10003238,4297.644,0.5054217878224082
TEC-MA-10000864,4268.0,0.50727970110886
TEC-PH-10004094,4211.7300000000005,0.5091131193670484
OFF-BI-10004390,4209.8,0.5109456974723213
TEC-CO-10000971,4199.86,0.5127739485724239
OFF-ST-10002574,4199.456,0.5146020238063203
FUR-CH-10004983,4185.48,0.5164240151142346
OFF-BI-10003656,4181.754,0.5182443844481788
TEC-PH-10002496,4180.532,0.5200642218303805
FUR-CH-10003774,4166.884,0.5218781180690646
TEC-CO-10001943,4119.794,0.5236715154472381
TEC-PH-10004539,4044.3860000000004,0.5254320867886016
OFF-ST-10000046,4006.44,0.5271761397659616
TEC-PH-10000730,3999.92,0.5289173545065298
TEC-AC-10002842,3998.4,0.5306579075722628
TEC-MA-10002927,3991.98,0.5323956659324433
FUR-CH-10001708,3989.734,0.5341324465809926
TEC-PH-10001578,3968.5099999999998,0.5358599881593471
FUR-TA-10001768,3963.901,0.5375855233828898
TEC-CO-10003236,3959.9339999999997,0.5393093317221757
FUR-CH-10000665,3955.676,0.5410312865012992
OFF-ST-10003816,3946.656,0.5427493147626522
FUR-FU-10000576,3861.056,0.5444300802833023
OFF-AP-10003057,3855.18,0.5461082879083407
TEC-PH-10002549,3839.62,0.5477797220725689
TEC-PH-10002834,3815.788,0.5494407818718855
FUR-TA-10004619,3775.647,0.5510843677964995
TEC-AC-10002637,3743.7920000000004,0.5527140868448855
FUR-TA-10001307,3739.115,0.5543417699372172
TEC-PH-10003645,3684.708,0.5559457689882705
FUR-CH-10003298,3680.538,0.5575479527866517
TEC-PH-10002415,3657.38,0.5591400556206731
FUR-CH-10002647,3641.274,0.5607251473133188
FUR-BO-10004218,3626.0056,0.5623035924822478
TEC-PH-10004447,3613.7400000000002,0.563876698283509
FUR-TA-10001771,3603.288,0.5654452541996552
TEC-PH-10001557,3590.026,0.567008037002867
FUR-TA-10003392,3540.348,0.5685491943570992
OFF-ST-10003805,3537.24,0.570088998760419
FUR-CH-10000155,3528.79,0.5716251247740315
OFF-AP-10000828,3511.012,0.57315351180395
FUR-TA-10002645,3481.515,0.5746690584242595
FUR-TA-10002530,3457.442,0.5761741257693712
FUR-BO-10003404,3447.84,0.5776750132449009
FUR-BO-10003272,3420.7704,0.5791641169881204
TEC-PH-10003505,3415.04,0.5806507262172125
TEC-MA-10003673,3404.5,0.5821327472536991
FUR-TA-10001705,3401.6000000000004,0.5836135058842508
OFF-ST-10000025,3397.308,0.5850923961540186
FUR-TA-10000688,3354.89,0.5865528213427685
OFF-LA-10003930,3322.878,0.5879993113112453
FUR-BO-10004015,3317.7235,0.5894435574620005
FUR-FU-10001468,3317.0119999999997,0.5908874938879893
FUR-TA-10004534,3253.2200000000003,0.5923036608659066
OFF-BI-10004318,3234.913,0.5937118585798746
OFF-BI-10004584,3222.996,0.5951148686760745
TEC-MA-10001972,3210.8,0.5965125697023491
OFF-ST-10001097,3178.13,0.5978960490727969
TEC-PH-10002310,3168.606,0.5992753825280291
TEC-PH-10002103,3158.064,0.6006501269200314
FUR-CH-10004218,3150.576,0.6020216116928467
FUR-TA-10003715,3140.55,0.6033887320236261
OFF-ST-10000585,3138.8,0.6047550905577206
TEC-PH-10003691,3099.354,0.6061042777592243
TEC-PH-10003072,3059.7960000000003,0.6074362448731493
OFF-AP-10003590,3051.3,0.6087645135729972
TEC-PH-10001336,3044.164,0.61008967588362
TEC-MA-10000010,3040.0,0.6114130255534451
OFF-AP-10002684,3039.5,0.6127361575670746
OFF-ST-10000991,3035.208,0.6140574212199201
OFF-ST-10000736,3028.652,0.6153758309647278
OFF-SU-10000157,2982.75,0.6166742590001458
FUR-TA-10001086,2979.004,0.6179710563553458
FUR-BO-10001337,2970.059,0.6192639598412047
FUR-CH-10004853,2959.208,0.6205521397523046
OFF-BI-10004519,2954.444,0.6218382458351721
FUR-BO-10000780,2946.3668,0.6231208358127917
OFF-AP-10002534,2946.2,0.6244033531803045
FUR-CH-10000863,2913.9139999999998,0.6256718160519489
TEC-PH-10002922,2906.628,0.6269371072375094
FUR-BO-10004357,2904.161,0.6282013245074006
OFF-AP-10002518,2883.276,0.6294564502779976
TEC-AC-10002001,2879.82,0.6307100716089699
TEC-PH-10001760,2865.6,0.6319575027977365
FUR-FU-10003664,2863.8,0.6332041504241989
FUR-TA-10003008,2847.78,0.634443824346151
OFF-SU-10000646,2836.366,0.6356785296124678
TEC-AC-10001908,2799.72,0.6368972824208897
OFF-PA-10000994,2789.01,0.6381113730336
FUR-TA-10001039,2764.257,0.6393146883586861
FUR-FU-10004306,2759.06,0.6405157413652741
TEC-AC-10004666,2755.4,0.6417152011285097
TEC-PH-10000441,2746.582,0.6429108223070781
TEC-PH-10002555,2744.87,0.6441056982308323
FUR-BO-10001972,2740.197,0.6452985399397816
OFF-ST-10001128,2730.108,0.6464869897820141
OFF-AP-10002118,2706.08,0.6476649799381063
FUR-CH-10002084,2705.7799999999997,0.6488428395004812
FUR-FU-10002937,2699.056,0.6500177720223362
FUR-TA-10002041,2671.421,0.6511806746862553
TEC-AC-10002253,2659.84,0.6523385359973697
FUR-CH-10000422,2647.809,0.6534911600651032
TEC-PH-10004667,2645.804,0.654642911331492
OFF-SU-10003505,2641.6079999999997,0.6557928360270865
TEC-PH-10000526,2630.1259999999997,0.6569377624658033
TEC-AC-10003911,2623.8360000000002,0.6580799507895779
TEC-AC-10004171,2619.738,0.6592203552031728
OFF-ST-10000060,2612.196,0.6603574764907119
TEC-PH-10001128,2609.826,0.6614935660878831
FUR-CH-10002126,2586.1879999999996,0.6626193657707469
OFF-ST-10004186,2552.54,0.6637305180622651
FUR-TA-10002356,2542.467,0.6648372854520649
TEC-MA-10002428,2541.8360000000002,0.6659437781597457
TEC-MA-10003353,2519.958,0.6670407471029277
OFF-ST-10004123,2511.048,0.6681338374127024
OFF-AP-10000891,2491.2799999999997,0.669218322467124
OFF-AP-10004487,2488.392,0.6703015503393593
FUR-BO-10002916,2487.759,0.6713845026588511
OFF-ST-10001370,2484.2999999999997,0.6724659492327807
TEC-PH-10001944,2481.15,0.6735460245726778
TEC-AC-10003198,2450.16,0.6746126095815654
FUR-CH-10001146,2442.024,0.6756756528888368
TEC-MA-10000112,2396.4,0.6767188355035635
FUR-CH-10004289,2389.902,0.6777591894583709
FUR-CH-10001270,2389.125,0.6787992051754501
TEC-AC-10000844,2362.7219999999998,0.6798277273394594
TEC-MA-10002073,2339.982,0.6808463504996887
TEC-AC-10004571,2339.766,0.6818648796324414
TEC-MA-10004679,2330.65,0.682879440457434
OFF-ST-10004340,2300.66,0.683880946263809
OFF-ST-10001522,2299.75,0.6848820559359079
FUR-TA-10001520,2298.114,0.6858824534369342
FUR-TA-10002855,2297.538,0.6868826001980234
TEC-PH-10002114,2279.96,0.6878750950378966
FUR-FU-10001488,2267.972,0.6888623713528217
OFF-BI-10001718,2264.892,0.6898483069055814
TEC-PH-10003580,2252.432,0.6908288184659445
TEC-AC-10003174,2242.032,0.6918048027774371
FUR-TA-10002533,2241.8675,0.6927807154800412
TEC-PH-10000486,2227.008,0.6937501596581654
TEC-PH-10002033,2221.596,0.6947172479256276
OFF-AP-10000938,2221.56,0.6956843205218437
FUR-CH-10000749,2207.956,0.6966454711282872
FUR-CH-10003817,2204.862,0.6976052748781918
FUR-CH-10001482,2200.464,0.698563164124199
FUR-FU-10004665,2191.68,0.6995172295861602
FUR-CH-10004477,2185.951,0.7004688011434314
OFF-PA-10001970,2167.348,0.7014122745842853
TEC-PH-10003811,2159.82,0.702352470993457
TEC-AC-10002402,2159.73,0.7032926282245133
TEC-AC-10003095,2157.8340000000003,0.7042319601032757
TEC-PH-10002680,2155.902,0.7051704509584978
FUR-BO-10000362,2154.348,0.7061082653382638
OFF-PA-10000357,2141.634,0.7070405451562856
FUR-TA-10002607,2140.878,0.7079724958781395
TEC-PH-10002275,2116.688,0.7088939163932456
TEC-AC-10000990,2098.88,0.709807584865286
FUR-TA-10002774,2096.168,0.7107200727701208
OFF-BI-10002026,2068.822,0.7116206566223007
FUR-FU-10002298,2064.228,0.7125192406493547
TEC-PH-10004345,2063.14,0.7134173510565266
FUR-FU-10003806,2058.496,0.714313439872953
TEC-PH-10000369,2041.038,0.7152019290056506
FUR-TA-10004607,2040.054,0.7160899897909551
FUR-TA-10002228,2033.496,0.7169751957975967
FUR-CH-10000229,2032.35,0.7178599029362379
TEC-PH-10000038,2027.304,0.7187424134885521
TEC-PH-10001835,2022.272,0.7196227335489128
TEC-PH-10002824,2018.702,0.7205014995440363
TEC-PH-10003484,2015.8400000000001,0.7213790196750955
OFF-AP-10000576,2010.852,0.7222543684679467
TEC-AC-10002567,1999.75,0.7231248844226285
TEC-PH-10002563,1990.6419999999998,0.7239914355520495
TEC-PH-10003601,1979.88,0.7248533018495144
OFF-ST-10001511,1952.43,0.7257032188218357
FUR-CH-10004626,1947.1770000000001,0.726550849098165
OFF-AP-10001394,1946.7,0.7273982717304835
TEC-PH-10000576,1945.258,0.7282450666423339
TEC-PH-10002447,1936.306,0.7290879646376563
TEC-AC-10004659,1926.9360000000001,0.7299267837558715
TEC-PH-10001580,1916.716,0.7307611539814467
TEC-AC-10004975,1913.13,0.7315939631767864
FUR-BO-10003034,1912.308,0.7324264145453403
FUR-BO-10003159,1909.8178,0.7332577818989772
TEC-PH-10001079,1903.84,0.7340865470422008
FUR-BO-10004467,1897.8102,0.7349126873387668
FUR-CH-10003833,1890.3799999999999,0.7357355931772024
TEC-AC-10000892,1890.0,0.7365583335969292
OFF-PA-10004359,1887.3,0.7373798986731993
TEC-PH-10002660,1876.524,0.7381967728231397
OFF-ST-10000036,1857.252,0.7390052576326732
FUR-CH-10003199,1842.268,0.7398072197213342
FUR-FU-10004864,1834.812,0.740605936120805
FUR-CH-10004698,1830.1480000000001,0.7414026222232823
TEC-PH-10001619,1803.108,0.7421875374786966
TEC-AC-10001606,1799.82,0.7429710214269677
FUR-TA-10004086,1788.384,0.7437495271427311
OFF-PA-10000418,1782.4499999999998,0.744525449714764
OFF-AP-10001205,1776.048,0.745298585416867
FUR-CH-10001973,1775.68,0.7460715609240103
FUR-CH-10004886,1775.075,0.7468442730671565
TEC-PH-10003963,1771.5140000000001,0.7476154350628771
FUR-CH-10003396,1770.54,0.7483861730643285
OFF-ST-10001963,1764.5339999999999,0.7491542965795572
OFF-AP-10001005,1761.76,0.7499212125382122
FUR-CH-10000225,1757.266,0.7506861722029803
FUR-CH-10004860,1746.9540000000002,0.7514466429263683
OFF-PA-10003395,1740.51,0.7522043084967062
TEC-PH-10003273,1738.662,0.7529611696097449
TEC-PH-10001254,1727.064,0.7537129819696682
TEC-AC-10001142,1722.2,0.7544626769701197
OFF-ST-10002292,1706.508,0.7552055410485258
FUR-TA-10004289,1706.25,0.7559482928163347
TEC-AC-10001990,1703.716,0.7566899415025437
OFF-PA-10000100,1696.986,0.7574286605363588
TEC-AC-10000474,1690.822,0.7581646963045934
FUR-CH-10001714,1689.968,0.7589003603160457
FUR-CH-10001545,1686.904,0.7596346905303308
FUR-FU-10000277,1685.44,0.7603683834472749
TEC-PH-10004042,1685.294,0.7611020128086098
TEC-PH-10001299,1679.8880000000001,0.761833288871157
OFF-AP-10002457,1674.4,0.7625621759393001
TEC-PH-10004908,1665.804,0.7632873210621268
FUR-BO-10003965,1646.918,0.7640042448751299
TEC-AC-10001432,1641.1499999999999,0.7647186578062592
OFF-ST-10002344,1635.796,0.7654307400748452
TEC-PH-10002483,1631.952,0.7661411490025987
FUR-FU-10003601,1623.248,0.7668477689712975
TEC-MA-10003356,1619.82,0.7675528966891185
TEC-AC-10002800,1619.676,0.7682579617219553
OFF-AR-10000380,1617.9479999999999,0.7689622745349798
TEC-AC-10000736,1615.798,0.7696656514263627
TEC-PH-10004614,1614.6,0.7703685068135007
FUR-CH-10002439,1589.406,0.77106039494025
TEC-PH-10004120,1589.084,0.7717521428964094
TEC-PH-10001425,1583.802,0.7724415915325175
FUR-FU-10000308,1579.3719999999998,0.7731291117347315
TEC-AC-10004469,1574.03,0.773814306498151
OFF-BI-10001071,1573.908,0.7744994481534585
FUR-BO-10001608,1570.0776,0.7751829223881822
OFF-PA-10000675,1565.818,0.7758645423662434
OFF-EN-10000056,1555.75,0.7765417796191482
FUR-FU-10003192,1545.816,0.7772146924787567
TEC-PH-10004536,1538.886,0.7778845886234932
OFF-AP-10003217,1524.5320000000002,0.7785482362941635
FUR-CH-10004875,1501.8980000000001,0.7792020311041672
TEC-PH-10002645,1499.97,0.7798549866318801
TEC-AC-10002076,1497.0,0.7805066492817908
TEC-AC-10000109,1489.334,0.781154974826909
FUR-BO-10003546,1474.308,0.7817967593680342
FUR-BO-10003441,1473.2982000000002,0.7824381043307065
OFF-AP-10003779,1473.108,0.7830793664969621
FUR-FU-10003394,1469.1599999999999,0.7837189100498964
TEC-PH-10002468,1468.692,0.7843582498766315
OFF-ST-10001272,1465.7440000000001,0.7849963064024368
FUR-CH-10003061,1448.839,0.7856270039722657
OFF-ST-10004337,1445.2640000000001,0.7862561453002953
TEC-PH-10004241,1439.968,0.7868829812139001
FUR-FU-10004848,1438.132,0.7875090178939543
FUR-CH-10002961,1437.484,0.788134772491579
FUR-TA-10002622,1436.232,0.7887599820780896
OFF-PA-10001033,1434.65,0.7893845030003971
FUR-FU-10000293,1431.9440000000002,0.7900078459673734
FUR-BO-10003966,1427.683,0.7906293340682501
FUR-BO-10004709,1426.8878,0.7912504760087131
OFF-ST-10000563,1426.308,0.7918713655550516
FUR-CH-10001891,1420.5040000000001,0.7924897285482704
TEC-AC-10002926,1409.718,0.7931033962620356
TEC-AC-10003628,1409.53,0.7937169821370713
OFF-ST-10004804,1400.2559999999999,0.7943265309249894
TEC-AC-10000420,1399.8,0.7949358812104569
FUR-CH-10003535,1396.442,0.7955437697169141
TEC-MA-10003626,1396.21,0.7961515572308965
TEC-PH-10002352,1394.95,0.7967587962512658
TEC-MA-10002178,1391.4,0.7973644899126456
TEC-PH-10004434,1386.69,0.797968133252662
TEC-PH-10001750,1385.79,0.7985713848115261
OFF-AP-10002311,1383.0810000000001,0.799173457109122
TEC-MA-10004212,1379.92,0.7997741533842486
FUR-BO-10003893,1368.2620000000002,0.8003697747875165
OFF-ST-10003656,1363.058,0.8009631308250996
TEC-MA-10003230,1362.9,0.8015564180833248
OFF-EN-10003001,1360.4759999999999,0.8021486501443132
OFF-EN-10002230,1359.6660000000002,0.8027405296022647
TEC-MA-10003183,1343.916,0.8033255528900518
FUR-CH-10003968,1341.522,0.8039095340399739
TEC-PH-10001061,1339.866,0.8044927943125758
TEC-PH-10002890,1339.104,0.8050757228771356
FUR-FU-10004188,1329.8999999999999,0.8056546448264449
FUR-FU-10003708,1322.17,0.8062302018109688
OFF-PA-10001878,1320.57,0.8068050622956665
FUR-BO-10002598,1320.228,0.8073797739035263
OFF-AP-10000179,1320.166,0.8079544585220179
FUR-CH-10002372,1311.876,0.8085255344007848
TEC-PH-10004389,1310.296,0.8090959224859734
FUR-FU-10003773,1304.128,0.8096636255643319
FUR-TA-10004175,1296.028,0.8102278026123201
OFF-BI-10002867,1291.248,0.8107898988670773
OFF-ST-10000129,1287.948,0.8113505585909432
TEC-MA-10004241,1286.85,0.8119107403418032
TEC-PH-10001305,1283.538,0.8124694803380229
OFF-ST-10002554,1281.442,0.8130273079194703
OFF-PA-10001289,1279.08,0.8135841072930492
FUR-FU-10004071,1268.922,0.8141364847633563
FUR-CH-10002758,1268.696,0.8146887638530631
OFF-EN-10003296,1266.72,0.8152401827654844
FUR-FU-10004017,1264.5819999999999,0.815790670980013
FUR-BO-10001798,1263.9569999999999,0.816340887124297
TEC-PH-10001809,1259.58,0.8168891979062438
TEC-AC-10001539,1247.844,0.8174323998619651
OFF-AP-10000026,1243.788,0.8179738361906272
FUR-CH-10003846,1242.054,0.8185145176876026
OFF-ST-10001837,1240.04,0.8190543224654216
OFF-LA-10003510,1233.412,0.8195912419927105
TEC-AC-10002473,1231.692,0.8201274127826863
FUR-TA-10004147,1231.56,0.8206635261114263
TEC-PH-10003437,1229.836,0.8211988889616038
TEC-AC-10001314,1229.754,0.8217342161161649
OFF-PA-10003228,1222.75,0.8222664943427369
TEC-PH-10000673,1221.812,0.8227983642462856
OFF-BI-10000632,1219.821,0.8233293674428632
OFF-BI-10001597,1217.106,0.823859188766298
TEC-MA-10002210,1212.705,0.8243870942798985
OFF-AP-10001242,1207.2,0.8249126033987844
FUR-FU-10002918,1200.936,0.8254353857208505
OFF-ST-10002974,1193.818,0.8259550694893147
OFF-ST-10001469,1187.56,0.8264720290728337
FUR-FU-10000965,1184.232,0.826987539936714
TEC-AC-10001465,1184.032,0.8275029637381162
OFF-BI-10003718,1180.704,0.8280169388198797
OFF-AR-10002135,1166.44,0.8285247046056925
TEC-PH-10000455,1159.9,0.8290296234484655
TEC-AC-10001552,1154.664,0.8295322629955574
TEC-PH-10002789,1154.326,0.8300347554070607
TEC-AC-10003610,1139.81,0.8305309288238908
TEC-PH-10001700,1135.028,0.8310250205768653
OFF-ST-10000675,1125.148,0.8315148114434128
TEC-PH-10001051,1119.888,0.8320023125667816
TEC-PH-10002170,1119.84,0.8324897927951556
FUR-BO-10001519,1119.195,0.8329769922470371
FUR-FU-10004091,1117.4279999999999,0.8334634225019231
OFF-ST-10000532,1115.92,0.833949196305723
FUR-FU-10000723,1115.6399999999999,0.834434848222053
FUR-FU-10001979,1114.384,0.8349199533860197
OFF-AR-10002671,1113.024,0.8354044665251339
TEC-PH-10002726,1112.788,0.8358888769305238
TEC-AC-10004353,1108.8,0.8363715513100969
OFF-PA-10000474,1105.7279999999998,0.8368528884100036
OFF-PA-10001125,1102.888,0.8373329892227187
OFF-BI-10000977,1100.48,0.8378120418031955
OFF-BI-10004593,1100.4,0.8382910595586809
OFF-PA-10003302,1098.6399999999999,0.8387693111643574
OFF-PA-10004071,1098.504,0.8392475035675486
OFF-PA-10000806,1097.2079999999999,0.8397251318058808
OFF-BI-10004224,1089.936,0.8401995944525027
FUR-TA-10004152,1088.64,0.8406734929342652
FUR-CH-10001190,1087.92,0.8411470779911061
TEC-AC-10004568,1086.012,0.8416198324719042
TEC-PH-10004922,1085.238,0.8420922500209114
OFF-BI-10002735,1073.903,0.842559733303962
OFF-AP-10001293,1073.676,0.8430271177711
OFF-ST-10001418,1073.248,0.8434943159245343
OFF-AR-10001953,1073.112,0.8439614548754835
OFF-ST-10000877,1072.626,0.8444283822646104
FUR-BO-10004690,1072.344,0.8448951868956429
TEC-PH-10002398,1070.3039999999999,0.8453611034893971
FUR-BO-10000330,1064.624,0.845824547508768
OFF-ST-10003692,1053.032,0.8462829453868981
OFF-ST-10003282,1051.776,0.8467407965126645
FUR-FU-10002253,1047.7359999999999,0.8471968889763697
OFF-AP-10004540,1042.08,0.8476505193131892
TEC-PH-10004531,1041.81,0.8481040321156631
OFF-BI-10002082,1041.664,0.8485574813625278
FUR-TA-10003469,1040.625,0.8490104783198178
TEC-AC-10000580,1039.87,0.8494631466162524
TEC-MA-10004552,1035.8,0.8499140431912541
TEC-MA-10003176,1029.6,0.850362240829429
OFF-AP-10001564,1023.3520000000001,0.8508077186357825
OFF-PA-10000482,1016.7919999999999,0.8512503407928487
FUR-BO-10001918,1014.174,0.851691823302074
TEC-MA-10002937,1007.979,0.8521306090510348
TEC-AC-10002942,1007.4,0.852569142754121
FUR-TA-10000849,1007.262,0.8530076163840971
OFF-PA-10002377,1004.652,0.8534449538487316
FUR-FU-10004904,1002.936,0.8538815443173026
FUR-FU-10000747,1002.3639999999999,0.8543178857871857
TEC-PH-10001918,1000.728,0.8547535150859964
OFF-ST-10000604,980.232,0.8551802222220333
OFF-PA-10003641,970.784,0.8556028165265963
FUR-CH-10003761,969.252,0.8560247439325758
FUR-CH-10001802,967.84,0.8564460566774584
OFF-PA-10001815,960.8,0.8568643048231058
OFF-PA-10001497,956.304,0.8572805958042414
OFF-ST-10001713,953.82,0.8576958054693969
OFF-AP-10001563,952.168,0.8581102959984819
FUR-FU-10003553,949.0260000000001,0.858523418776033
OFF-AP-10001271,948.228,0.8589361941742958
OFF-EN-10001453,939.092,0.8593449925585509
OFF-AP-10003287,937.8480000000001,0.8597532494141911
OFF-ST-10001476,937.4639999999999,0.8601613391098729
FUR-BO-10001601,935.1972,0.8605684420394261
OFF-AP-10002578,929.48,0.8609730562009751
TEC-AC-10001767,927.768,0.86137692510771
FUR-CH-10003956,922.74,0.8617786052637412
FUR-TA-10004442,917.9200000000001,0.8621781872140457
TEC-MA-10002859,917.8979999999999,0.8625777595874776
TEC-PH-10003885,910.662,0.8629741820404455
TEC-PH-10000215,908.7,0.8633697504105015
TEC-PH-10002262,904.552,0.8637635131047579
FUR-CH-10002304,901.506,0.8641559498374701
OFF-BI-10001670,901.03,0.8645481793614842
TEC-AC-10000158,899.75,0.8649398516856371
OFF-ST-10003442,899.304,0.8653313298604637
TEC-AC-10000358,888.966,0.865718307775788
TEC-AC-10002323,884.0,0.8661031239297765
TEC-PH-10001433,882.102,0.8664871138608463
FUR-CH-10001797,881.192,0.8668707076576398
OFF-PA-10002254,881.092,0.8672542579231943
OFF-PA-10003039,879.832,0.8676372596951356
OFF-AR-10003373,873.636,0.8680175642715
OFF-ST-10003479,872.256,0.868397268116764
OFF-AP-10004708,867.768,0.8687750182800157
FUR-FU-10001290,867.26,0.8691525473045725
OFF-PA-10001144,865.4879999999999,0.8695293049555716
OFF-ST-10003123,858.8820000000001,0.8699031869329132
FUR-BO-10004409,858.858,0.8702770584627576
OFF-PA-10000062,857.376,0.8706502848596378
FUR-BO-10000711,851.76,0.8710210665421281
OFF-ST-10003994,849.312,0.8713907825798842
TEC-PH-10004093,846.216,0.8717591508904765
TEC-PH-10002115,844.672,0.8721268470787366
OFF-BI-10001543,842.166,0.8724934523741438
FUR-FU-10001473,839.6759999999999,0.8728589737416964
OFF-BI-10002133,834.6,0.8732222854635503
TEC-PH-10003555,832.238,0.8735845689775359
FUR-TA-10001857,828.0965,0.8739450496452524
OFF-ST-10002790,827.12,0.8743051052304188
FUR-BO-10000112,825.174,0.8746643136976715
OFF-AP-10002439,823.2520000000001,0.875022685494508
FUR-FU-10001185,822.738,0.8753808335407753
FUR-CH-10004540,815.864,0.8757359892496642
OFF-AP-10001391,812.1600000000001,0.8760895325614554
TEC-PH-10002538,803.692,0.8764393896479162
FUR-CH-10004754,803.464,0.8767891474831518
FUR-BO-10003894,802.074,0.8771383002341635
TEC-AC-10001714,789.822,0.8774821195377559
FUR-FU-10003930,786.9,0.8778246668585405
OFF-EN-10003055,783.608,0.8781657811309327
OFF-BI-10001524,780.456,0.8785055232986673
TEC-PH-10003931,779.87,0.8788450103733404
TEC-AC-10004510,778.736,0.8791840038037618
FUR-FU-10003268,775.612,0.8795216373182725
TEC-AC-10001109,773.742,0.8798584567986113
OFF-AP-10000240,770.112,0.8801936960949692
OFF-PA-10000157,767.232,0.8805276816916401
FUR-CH-10002774,764.7,0.8808605650773359
FUR-FU-10002116,763.6679999999999,0.8811929992206439
TEC-AC-10003023,759.936,0.881523808778107
OFF-AP-10001469,759.122,0.8818542639912836
OFF-PA-10002581,755.912,0.8821833218516839
FUR-BO-10002268,754.7336,0.8825118667399622
OFF-BI-10001989,753.182,0.882839736197534
TEC-PH-10002085,752.286,0.8831672156152032
FUR-BO-10002824,748.8607999999999,0.8834932040008692
TEC-PH-10001819,746.834,0.8838183100953805
TEC-PH-10003171,746.17,0.8841431271424638
OFF-PA-10003892,743.432,0.8844667523042196
TEC-PH-10002923,739.8,0.8847887964113698
OFF-AP-10002191,737.754,0.8851099498693672
FUR-BO-10003660,729.2339999999999,0.88542739446579
TEC-PH-10003174,727.944,0.8857442775092279
FUR-BO-10000468,723.842,0.8860593749012362
TEC-MA-10001681,723.51,0.8863743277695307
OFF-PA-10001954,721.744,0.886688511876142
TEC-AC-10001772,718.65,0.8870013491262143
TEC-PH-10001198,709.92,0.8873103860991097
OFF-ST-10003058,709.5,0.8876192402408009
TEC-AC-10000865,708.0,0.8879274414139049
FUR-CH-10003606,705.32,0.8882344759498
OFF-AR-10004022,705.208,0.8885414617307071
OFF-BI-10003984,704.691,0.8888482224551081
TEC-MA-10001695,703.71,0.889154556138053
FUR-FU-10004845,702.44,0.889460336974261
TEC-PH-10001924,699.9,0.8897650121169948
OFF-BI-10003007,698.04,0.8900688775786805
FUR-CH-10002044,694.194,0.8903710688289089
OFF-AP-10003842,693.952,0.8906731547335387
TEC-PH-10002564,689.77,0.8909734201617477
TEC-PH-10000562,688.138,0.8912729751601339
FUR-CH-10000553,685.588,0.8915714201119221
OFF-PA-10003129,684.74,0.8918694959188024
OFF-ST-10002276,683.552,0.8921670545745617
FUR-FU-10001215,681.454,0.8924636999449238
FUR-FU-10004973,678.24,0.8927589462212601
OFF-AP-10002734,675.12,0.8930528343229353
FUR-FU-10004006,673.87,0.893346178284121
OFF-AR-10004010,671.808,0.893638624631156
OFF-BI-10004492,669.496,0.8939300645359418
OFF-BI-10003364,667.9929999999999,0.8942208501662035
OFF-AP-10003040,665.6759999999999,0.8945106271776543
OFF-AP-10002867,664.832,0.8948000367854468
OFF-BI-10004330,661.942,0.8950881883404282
OFF-BI-10000666,653.984,0.8953728756793989
FUR-TA-10001676,653.121,0.8956571873437759
OFF-ST-10004950,652.624,0.8959412826578942
OFF-PA-10001357,651.4399999999999,0.8962248625621413
FUR-BO-10003450,649.376,0.8965075439816125
TEC-MA-10001856,649.0,0.8967900617236244
OFF-AP-10001124,647.84,0.8970720745032624
OFF-LA-10002762,639.03,0.8973502521807323
FUR-TA-10004767,638.8199999999999,0.8976283384425999
FUR-FU-10001876,636.6080000000001,0.8979054617934579
OFF-EN-10001434,632.52,0.8981808055872598
TEC-AC-10003590,626.538,0.8984535453423363
TEC-PH-10004080,625.508,0.8987258367256499
OFF-PA-10001736,623.744,0.8989973602179049
TEC-AC-10002550,619.4159999999999,0.8992669996781301
OFF-AR-10001044,618.562,0.8995362673815729
TEC-PH-10001527,618.48,0.8998054993893997
OFF-PA-10004039,615.78,0.9000735560537697
OFF-PA-10004475,615.552,0.9003415134669146
OFF-ST-10000943,614.058,0.9006088205233467
OFF-ST-10000777,611.712,0.9008751063369085
OFF-BI-10002854,611.054,0.9011411057149169
OFF-EN-10002831,610.98,0.9014070728798083
TEC-PH-10003092,607.068,0.9016713371026245
TEC-PH-10002597,604.752,0.9019345931419421
OFF-PA-10004327,603.54,0.9021973215826417
FUR-CH-10002780,600.4680000000001,0.9024587127436747
TEC-MA-10004626,600.0,0.9027199001785087
TEC-PH-10001448,599.88,0.9029810353758555
OFF-ST-10000934,598.308,0.9032414862621232
TEC-MA-10003674,597.132,0.9035014252210186
OFF-PA-10002923,597.068,0.9037613363199211
TEC-PH-10003357,596.622,0.9040210532694968
OFF-PA-10002222,593.84,0.9042795591799997
TEC-AC-10001114,591.852,0.9045371996894687
TEC-PH-10000675,590.328,0.904794176782853
OFF-PA-10001790,586.088,0.9050493081516979
OFF-BI-10003982,583.6370000000001,0.9053033725698715
TEC-AC-10000991,582.6759999999999,0.9055570186528369
OFF-ST-10000676,581.58,0.9058101876334215
FUR-FU-10001986,581.172,0.9060631790065503
TEC-MA-10001016,575.82,0.9063138405877604
OFF-PA-10003790,575.568,0.9065643924702479
FUR-FU-10004748,575.46,0.906814897338997
OFF-LA-10001474,573.9639999999999,0.9070647509804087
OFF-AR-10002240,573.648,0.9073144670631047
OFF-PA-10002319,573.648,0.9075641831458007
TEC-PH-10000011,571.714,0.9078130573343317
TEC-AC-10004595,571.2,0.9080617077722936
OFF-EN-10002504,570.78,0.9083101753790511
OFF-BI-10003876,569.24,0.9085579726047258
OFF-AR-10003903,565.386,0.9088040921364443
TEC-AC-10003280,563.812,0.9090495264864585
FUR-FU-10003975,563.03,0.9092946204221828
OFF-AP-10000159,558.74,0.909537846867748
TEC-AC-10000057,557.814,0.9097806702140386
TEC-AC-10002006,556.452,0.9100229006648524
OFF-BI-10001765,554.24,0.9102641682046563
OFF-EN-10000927,552.706,0.9105047679752518
TEC-AC-10001874,551.908,0.9107450203665589
FUR-FU-10002759,551.448,0.910985072514166
TEC-AC-10004901,549.89,0.9112244464450674
OFF-AP-10004336,546.816,0.9114624822256776
FUR-FU-10001602,546.192,0.9117002463713557
TEC-PH-10001468,546.06,0.9119379530557981
OFF-BI-10002794,545.034,0.9121752131097268
TEC-AC-10003399,543.6,0.9124118489256863
OFF-PA-10001019,543.456,0.9126484220566614
TEC-PH-10001552,542.984,0.9128847897201878
FUR-BO-10002853,540.804,0.913120208402701
OFF-PA-10003656,538.152,0.9133544726367523
TEC-AC-10003116,536.05,0.9135878218441568
FUR-FU-10004018,536.04,0.9138211666984374
OFF-AR-10004602,533.3679999999999,0.9140533483980083
TEC-AC-10001013,533.078,0.9142854038569855
OFF-BI-10003684,532.158,0.9145170588285627
FUR-FU-10003535,531.948,0.9147486223845379
OFF-AR-10002067,531.712,0.9149800832067885
OFF-PA-10004353,527.472,0.9152096983044997
OFF-BI-10002429,526.612,0.9154389390335543
OFF-AR-10003582,523.59,0.9156668642485621
OFF-ST-10003641,520.0799999999999,0.9158932615170762
FUR-TA-10001866,519.941,0.9161195982771676
OFF-ST-10000636,518.9399999999999,0.9163454992895557
OFF-ST-10001321,518.112,0.9165710398632834
OFF-LA-10003923,518.0,0.9167965316820232
OFF-ST-10001590,517.6320000000001,0.9170218633058033
OFF-PA-10002120,516.624,0.9172467561346926
TEC-PH-10004912,516.53,0.9174716080442173
OFF-AP-10002350,516.216,0.9176963232656508
TEC-PH-10004896,515.828,0.9179208695858767
OFF-AP-10001154,515.79,0.9181453993642317
FUR-FU-10004952,514.556,0.9183693919670957
FUR-FU-10000758,513.712,0.9185930171663015
OFF-PA-10000176,512.1899999999999,0.9188159798200474
OFF-AR-10001955,511.872,0.9190388040444529
FUR-FU-10003623,508.728,0.9192602596466999
TEC-MA-10001031,506.28,0.9194806496042126
OFF-BI-10001510,504.24,0.919700151524447
TEC-AC-10002335,503.856,0.9199194862847232
TEC-AC-10000023,503.28,0.920138570305062
OFF-PA-10003823,501.87600000000003,0.920357043146803
OFF-PA-10000659,501.392,0.9205753052973468
FUR-FU-10003039,500.308,0.9207930955692583
TEC-AC-10003289,499.75,0.9210106429368553
OFF-PA-10003134,499.616,0.9212281319725919
TEC-PH-10000193,496.584,0.9214443011411578
OFF-AR-10004042,496.248,0.9216603240447603
OFF-BI-10000778,496.018,0.9218762468265127
TEC-PH-10000439,495.87600000000003,0.9220921077939055
TEC-AC-10002600,495.6,0.9223078486150783
TEC-AC-10000927,491.83599999999996,0.92252195092041
TEC-PH-10003095,491.68,0.9227359853170086
OFF-PA-10000167,489.48400000000004,0.9229490637675956
FUR-BO-10004360,489.37919999999997,0.9231620965974441
OFF-EN-10004483,488.904,0.9233749225668441
TEC-PH-10000141,488.326,0.923587496925682
FUR-FU-10000076,487.512,0.9237997169402331
OFF-BI-10004001,487.344,0.9240118638223026
OFF-ST-10004180,483.704,0.9242224261672676
OFF-ST-10002370,483.414,0.9244328622716389
TEC-PH-10001615,481.234,0.9246423493949969
OFF-ST-10002583,480.70399999999995,0.9248516058027877
TEC-MA-10002790,479.988,0.9250605505269061
TEC-AC-10004420,479.72,0.9252693785873035
FUR-FU-10004460,479.33799999999997,0.9254780403583676
TEC-AC-10003038,477.93,0.9256860892095845
TEC-PH-10001300,477.66,0.9258940205264559
OFF-ST-10000107,477.3,0.9261017951308662
OFF-AR-10000588,476.16,0.9263090734791504
TEC-PH-10000586,475.128,0.9265159025850467
TEC-AC-10001284,469.402,0.9267202390921898
FUR-FU-10000305,468.468,0.9269241690175596
TEC-PH-10004522,467.92,0.9271278603917387
FUR-FU-10000193,467.712,0.9273314612209403
TEC-PH-10003215,467.22,0.9275348478764456
TEC-AC-10001267,467.21999999999997,0.9277382345319506
FUR-FU-10002878,467.072,0.9279415567612219
OFF-BI-10004230,466.29,0.928144538576203
OFF-BI-10001658,466.004,0.9283473958918402
TEC-MA-10002930,465.64500000000004,0.928550096930329
OFF-AP-10002892,464.196,0.9287521672011625
FUR-FU-10003374,463.79600000000005,0.9289540633470396
OFF-ST-10001228,462.328,0.9291553204543261
TEC-AC-10004855,461.868,0.9293563773179125
OFF-AR-10001615,460.288,0.9295567463879206
OFF-ST-10001328,459.096,0.9297565965655581
OFF-SU-10000898,458.7,0.9299562743594887
OFF-PA-10000241,458.504,0.9301558668321904
OFF-ST-10001558,457.96799999999996,0.9303552259774504
FUR-FU-10001095,455.456,0.9305534916179834
FUR-FU-10000629,455.07,0.9307515892279331
TEC-PH-10004006,453.41999999999996,0.930948968572437
OFF-AP-10002495,452.96500000000003,0.931146149849803
OFF-BI-10000315,451.962,0.9313428945088403
TEC-MA-10002109,449.97,0.9315387720255941
OFF-ST-10003638,449.664,0.931734516336756
OFF-AP-10002403,448.902,0.9319299289398756
OFF-SU-10002573,448.76800000000003,0.9321252832111349
TEC-MA-10003246,447.968,0.9323202892324809
OFF-AR-10002956,444.60200000000003,0.9325138299923176
OFF-ST-10002485,443.996,0.9327071069528452
OFF-PA-10001977,443.84,0.9329003160046396
TEC-AC-10002217,443.68,0.9330934554064516
TEC-PH-10003589,442.554,0.9332861046465107
FUR-FU-10000222,441.72799999999995,0.9334783943185346
TEC-AC-10003063,440.0,0.9336699317707462
FUR-FU-10001588,437.70000000000005,0.9338604680044573
OFF-AR-10002987,436.48,0.9340504731570511
OFF-AP-10000358,436.128,0.9342403250796832
FUR-FU-10001861,434.56,0.9344294944324857
OFF-BI-10000069,433.789,0.9346183281594342
OFF-EN-10004773,433.72,0.9348071318498279
OFF-AP-10004859,432.432,0.9349953748578614
OFF-AR-10000937,431.28999999999996,0.935183120739144
OFF-ST-10004507,428.75,0.9353697609269523
TEC-PH-10000149,426.93,0.9355556088462083
FUR-FU-10004270,426.56,0.9357412956998796
FUR-BO-10001619,424.90000000000003,0.9359262599349811
OFF-PA-10004381,422.752,0.936110289119066
OFF-BI-10001191,422.63599999999997,0.9362942678069135
OFF-LA-10001074,421.008,0.9364775378061877
TEC-AC-10000397,419.88,0.9366603167730844
TEC-PH-10002807,419.23,0.9368428127869267
OFF-PA-10004243,417.34,0.9370244860603495
OFF-PA-10000483,415.132,0.9372051981640119
TEC-PH-10003800,413.322,0.937385122352246
OFF-BI-10000962,410.004,0.9375636021739653
OFF-AP-10004532,409.6,0.9377419061294786
FUR-FU-10002501,409.536,0.937920182224999
OFF-ST-10001172,407.012,0.9380973595920432
OFF-ST-10002289,406.784,0.9382744377078622
OFF-PA-10001295,405.95799999999997,0.9384511562556461
OFF-AR-10000538,405.36,0.9386276144866199
OFF-AR-10001897,402.976,0.9388030349328527
OFF-ST-10000642,402.816,0.9389783857291029
FUR-BO-10002202,400.0268,0.9391525223520307
TEC-MA-10004458,396.0,0.9393249060590211
TEC-PH-10004100,395.78,0.9394971939972855
FUR-FU-10004960,390.66,0.9396672531361059
OFF-BI-10002852,390.576,0.9398372757086854
OFF-AR-10004260,389.70000000000005,0.9400069169476098
TEC-AC-10004001,386.90999999999997,0.9401753436649626
OFF-AP-10002765,386.75399999999996,0.9403437024735822
OFF-BI-10004236,386.084,0.9405117696228995
TEC-MA-10001570,385.8,0.9406797131434979
TEC-PH-10004188,384.846,0.9408472413760746
TEC-AC-10002647,383.04,0.9410139834344726
TEC-AC-10004864,379.704,0.9411792732907328
FUR-FU-10004622,379.4,0.9413444308120261
TEC-PH-10002075,377.97,0.9415089658365998
FUR-FU-10002045,377.91,0.9416734747424298
OFF-BI-10002498,377.538,0.9418378217120504
OFF-EN-10002500,375.73199999999997,0.942001382507492
OFF-ST-10002301,374.256,0.9421643007818441
TEC-AC-10004859,374.072,0.9423271389587161
TEC-AC-10001553,373.78,0.9424898500243697
OFF-LA-10004544,372.96000000000004,0.9426522041338624
OFF-BI-10003638,369.585,0.9428130890640343
FUR-FU-10003247,369.248,0.9429738272939302
OFF-ST-10000464,368.45599999999996,0.9431342207564123
TEC-AC-10003657,367.092,0.9432940204527922
TEC-AC-10001383,364.854,0.9434528459200405
TEC-AC-10002399,361.38,0.9436101591120409
TEC-AC-10004114,360.712,0.9437671815153639
TEC-AC-10001956,359.70000000000005,0.9439237633825468
FUR-FU-10000521,357.948,0.94407958258242
OFF-AP-10000696,357.616,0.9442352572585793
TEC-AC-10002167,357.0,0.9443906637823054
TEC-AC-10003441,355.95,0.9445456132280207
OFF-BI-10003707,354.032,0.9446997277445693
OFF-ST-10002406,353.29200000000003,0.9448535201299482
OFF-PA-10000595,351.736,0.9450066351692461
TEC-MA-10002981,350.973,0.9451594180651892
TEC-AC-10003027,350.20399999999995,0.9453118662059035
OFF-ST-10004963,348.21999999999997,0.9454634506868334
OFF-ST-10000615,347.31,0.945614639033487
FUR-FU-10004090,346.788,0.9457656001470721
OFF-BI-10001721,346.356,0.9459163732057044
OFF-ST-10001325,345.84000000000003,0.9460669216431429
OFF-ST-10000876,345.832,0.9462174665980819
OFF-ST-10000798,344.724,0.9463675292268914
OFF-AP-10000692,344.59000000000003,0.9465175335238404
FUR-FU-10004597,344.1,0.9466673245177176
OFF-AP-10001492,343.076,0.9468166697517061
OFF-BI-10002353,342.768,0.946965880909478
OFF-PA-10004092,342.58,0.9471150102285204
OFF-AR-10004648,342.55,0.9472641264881909
TEC-MA-10000904,341.991,0.9474129994082346
TEC-PH-10004959,341.666,0.9475617308517513
OFF-ST-10000136,341.41999999999996,0.9477103552084196
TEC-PH-10002293,339.83,0.9478582874183857
FUR-FU-10000397,338.98,0.948005849612819
OFF-ST-10003455,338.118,0.9481530365679709
OFF-EN-10001335,336.952,0.9482997159488745
TEC-MA-10003066,336.51,0.9484462029217012
TEC-PH-10001644,335.888,0.9485924191302202
OFF-BI-10002225,334.368,0.9487379736639046
OFF-PA-10003441,334.368,0.9488835281975887
FUR-FU-10001475,334.096,0.9490289643263025
OFF-AP-10002998,333.564,0.9491741688688241
FUR-FU-10002379,331.76,0.9493185881077916
OFF-AR-10004344,330.924,0.9494626434255999
TEC-AC-10004227,329.94599999999997,0.9496062730078894
OFF-PA-10003625,328.38800000000003,0.9497492243734731
OFF-PA-10003127,327.11199999999997,0.9498916202804455
OFF-EN-10004206,325.86,0.9500334711763037
TEC-AC-10002305,324.0,0.950174512391114
TEC-PH-10002817,323.976,0.950315543158427
FUR-BO-10003433,322.192,0.9504557973284337
TEC-AC-10000682,321.846,0.9505959008803528
OFF-PA-10004530,321.44,0.9507358276954412
OFF-EN-10000483,320.25,0.9508752364887837
TEC-MA-10004255,319.92,0.9510145016290373
OFF-ST-10002214,318.378,0.9511530955175833
OFF-ST-10000419,317.772,0.95129142560682
FUR-FU-10003799,316.48400000000004,0.9514291950136965
OFF-BI-10002931,314.55,0.9515661225264083
OFF-BI-10004233,310.206,0.9517011590420916
FUR-FU-10000087,308.99199999999996,0.951835667088532
OFF-BI-10002824,308.844,0.9519701107087384
OFF-SU-10001218,307.44,0.9521039431503473
OFF-SU-10002537,306.9,0.9522375405232648
OFF-AP-10004980,303.36,0.952369596890317
OFF-ST-10000760,301.968,0.9525010473025202
OFF-ST-10002486,300.14,0.952631701963672
TEC-MA-10000597,299.97,0.952762282621717
FUR-FU-10001057,299.85,0.9528928110422753
OFF-AP-10004233,299.20799999999997,0.9530230599922783
TEC-AC-10001266,299.0,0.9531532183973039
FUR-FU-10003347,298.2,0.9532830285524162
OFF-AR-10001725,297.99,0.9534127472919266
OFF-PA-10003022,297.12,0.9535420873096564
TEC-AC-10000710,296.64,0.9536712183774381
OFF-FA-10004854,296.184,0.9538001509427697
OFF-PA-10001363,294.71999999999997,0.95392844621076
OFF-AR-10002952,293.7,0.9540562974601112
TEC-AC-10003447,291.854,0.9541833451227879
FUR-FU-10002813,291.45599999999996,0.9543102195311329
OFF-AP-10001947,289.456,0.9544362233146949
OFF-AR-10001915,287.96999999999997,0.9545615802240436
OFF-BI-10001628,287.868,0.9546868927315281
OFF-EN-10003286,284.832,0.9548108836305924
OFF-PA-10002421,284.382,0.9549346786390808
OFF-ST-10002182,284.104,0.955058352630724
OFF-PA-10000380,281.892,0.9551810637113577
TEC-PH-10001870,281.658,0.955303672928892
OFF-PA-10002986,280.56,0.95542580417342
TEC-AC-10004518,280.0,0.9555476916430092
TEC-MA-10000029,279.96,0.955669561700103
OFF-PA-10000565,279.9,0.9557914056384529
TEC-PH-10004833,279.63,0.9559131320424572
FUR-FU-10003724,279.558,0.9560348271039695
OFF-SU-10000381,279.3,0.9561564098548846
OFF-AP-10002670,277.92,0.9562773918746996
OFF-LA-10001158,277.38,0.9563981388258233
OFF-BI-10003719,276.945,0.9565186964160568
OFF-ST-10000344,276.658,0.9566391290716338
TEC-AC-10002345,275.5,0.9567590576354618
OFF-AR-10001958,275.076,0.9568788016268357
TEC-PH-10000213,272.88800000000003,0.9569975931546973
OFF-BI-10001294,271.44,0.9571157543502162
FUR-FU-10001591,270.84,0.9572336543583002
OFF-ST-10001031,270.248,0.9573512966614486
OFF-BI-10001460,269.67,0.9574686873540347
OFF-BI-10000309,269.394,0.9575859579004007
OFF-BI-10001107,269.328,0.957703199716149
OFF-PA-10001509,268.5,0.9578200810932371
OFF-PA-10002558,268.24,0.9579368492891035
OFF-LA-10003498,266.4,0.9580528165101699
OFF-AP-10000055,266.33599999999996,0.958168755871243
TEC-AC-10002718,265.538,0.9582843478530279
FUR-FU-10001889,265.104,0.9583997509092348
TEC-AC-10004761,264.438,0.9585148640473892
OFF-AR-10000658,263.34,0.9586294992125379
OFF-PA-10002137,262.964,0.9587439707002272
FUR-FU-10001756,262.752,0.9588583499016898
OFF-ST-10002205,262.668,0.9589726925369113
OFF-AP-10003971,262.449,0.9590869398387192
TEC-PH-10003988,261.6,0.9592008175603068
FUR-FU-10004093,260.14799999999997,0.959314063208302
OFF-AP-10002472,259.8,0.9594271573675851
OFF-ST-10004946,259.68,0.9595401992893813
OFF-EN-10004386,259.092,0.9596529852474913
FUR-FU-10000672,258.72,0.9597656092693916
OFF-BI-10003676,258.72,0.9598782332912921
OFF-BI-10004308,258.054,0.9599905673951398
TEC-PH-10004897,257.742,0.9601027656815214
OFF-PA-10001685,257.556,0.9602148829997982
OFF-BI-10004828,256.122,0.9603263760801057
OFF-AR-10003727,254.85,0.9604373154430514
FUR-FU-10003878,253.648,0.9605477315605028
TEC-PH-10002350,251.91,0.9606573911050176
FUR-FU-10001934,251.76,0.960766985352674
TEC-AC-10004708,251.4,0.9608764228878693
OFF-ST-10000649,251.2,0.9609857733605865
TEC-AC-10004803,250.92,0.9610950019458341
OFF-LA-10001297,248.4,0.9612031335438553
OFF-ST-10003324,248.35999999999999,0.9613112477293808
TEC-AC-10000171,248.292,0.9614193323136639
OFF-EN-10003134,247.61599999999999,0.9615271226267703
FUR-FU-10003577,246.64800000000002,0.9616344915574818
OFF-PA-10001776,246.582,0.9617418317575755
OFF-PA-10003673,245.436,0.9618486730896686
FUR-CH-10002017,245.088,0.9619553629330495
OFF-PA-10002499,244.7,0.9620618838752226
OFF-EN-10001532,244.512,0.9621683229786663
FUR-FU-10000246,244.4,0.9622747133271219
OFF-AP-10003860,244.288,0.9623810549205896
OFF-BI-10000088,241.56,0.9624862089818538
OFF-EN-10003040,240.764,0.9625910165344543
TEC-AC-10000303,239.94,0.9626954653896446
TEC-PH-10000923,239.84,0.9627998707135954
OFF-AP-10002082,239.58,0.9629041628563246
OFF-BI-10001196,239.466,0.9630084053734412
OFF-PA-10004100,238.464,0.9631122117075415
OFF-BI-10003291,238.329,0.9632159592744692
OFF-PA-10000740,237.536,0.9633193616386703
OFF-SU-10004498,236.99200000000002,0.9634225271929306
FUR-FU-10000023,236.778,0.9635255995903391
OFF-ST-10002444,235.77599999999998,0.9636282358047314
OFF-LA-10004545,235.564,0.9637307797328967
OFF-BI-10001098,235.18,0.9638331565011038
FUR-FU-10004053,234.784,0.9639353608856039
OFF-AR-10004078,234.768,0.9640375583051056
OFF-AP-10004249,234.612,0.9641396878158744
TEC-PH-10001536,234.462,0.9642417520297843
OFF-AR-10004456,234.24,0.9643437196043436
TEC-AC-10002331,232.76399999999998,0.9644450446578131
OFF-PA-10000501,231.856,0.9645459744476312
OFF-ST-10001291,229.976,0.9646460858501534
OFF-AP-10001962,229.886,0.9647461580745604
OFF-AR-10003179,229.572,0.9648460936108767
OFF-PA-10004665,227.94,0.96494531871737
OFF-PA-10002713,227.04,0.9650441520427112
OFF-ST-10002352,225.036,0.9651421130020199
OFF-FA-10002280,225.0,0.9652400582900826
TEC-MA-10003589,224.937,0.9653379761534647
OFF-ST-10004258,224.66400000000002,0.965435775176564
TEC-PH-10000127,223.88799999999998,0.9655332363972474
OFF-PA-10004082,223.44,0.9656305025979796
OFF-PA-10001166,222.432,0.9657273300038212
OFF-AR-10003478,219.78,0.9658230029612009
FUR-FU-10001940,219.696,0.9659186393523398
OFF-ST-10002562,219.49200000000002,0.9660141869397507
OFF-ST-10003996,218.416,0.9661092661310284
OFF-PA-10000575,218.094,0.9662042051517162
OFF-SU-10004261,217.224,0.9662987654506234
TEC-PH-10000169,216.95999999999998,0.9663932108270594
FUR-FU-10001085,216.34,0.9664873863098128
FUR-FU-10002445,216.144,0.9665814764713373
TEC-PH-10002583,215.892,0.9666754569341393
OFF-PA-10001972,215.136,0.9667691083007732
OFF-BI-10003910,215.109,0.9668627479139728
OFF-BI-10004654,214.573,0.9669561541997305
TEC-PH-10001949,213.48,0.9670490846890444
OFF-PA-10004156,213.192,0.9671418898083894
OFF-BI-10004781,212.65800000000002,0.9672344624709177
OFF-BI-10004728,212.08,0.9673267835228837
OFF-EN-10000461,211.508,0.9674188555761618
FUR-FU-10003464,210.912,0.9675106681832546
OFF-PA-10000019,209.952,0.9676020628904517
OFF-AR-10001468,209.664,0.96769333222768
OFF-AR-10002445,209.56799999999998,0.9677845597749187
OFF-BI-10001036,209.306,0.967875673270311
OFF-BI-10001636,208.221,0.9679663144517585
OFF-ST-10000352,208.18,0.9680569377853981
TEC-AC-10001998,207.896,0.9681474374903186
OFF-BI-10001575,207.566,0.9682377935421499
FUR-CH-10002317,207.184,0.9683279833046475
TEC-MA-10004521,206.991,0.9684180890518537
OFF-BI-10004826,204.72400000000002,0.9685072079458685
TEC-MA-10000423,204.507,0.9685962323770946
OFF-AP-10004785,203.94,0.9686850099861946
TEC-AC-10004992,202.68,0.9687732391016813
FUR-FU-10004351,202.592,0.9688614299096778
TEC-PH-10004830,201.568,0.9689491749577855
OFF-ST-10000885,201.45000000000002,0.9690368686390312
OFF-PA-10003465,201.082,0.9691244021253165
OFF-PA-10001950,200.16,0.969211534253577
TEC-PH-10004071,199.8,0.9692985096693768
OFF-AP-10004036,199.728,0.9693854537426844
OFF-EN-10003862,198.462,0.9694718467105042
OFF-BI-10000050,197.82999999999998,0.9695579645608929
OFF-AR-10002818,197.82,0.9696440780581577
OFF-EN-10003567,197.82,0.9697301915554225
TEC-PH-10000702,197.802,0.9698162972170641
OFF-AP-10003099,197.72,0.9699023671830898
OFF-FA-10001883,197.612,0.969988390135377
OFF-BI-10000474,197.169,0.970074220244275
OFF-PA-10002005,196.99200000000002,0.9701599733028797
OFF-PA-10004911,196.98000000000002,0.9702457211377357
OFF-PA-10000249,196.48,0.970331251316396
OFF-AR-10001446,196.35000000000002,0.9704167249044454
FUR-FU-10003976,196.248,0.9705021540906307
OFF-EN-10001539,196.056,0.9705874996968372
OFF-SU-10004231,196.02,0.9706728296317975
OFF-SU-10004884,195.052,0.9707577381843626
FUR-FU-10004245,194.68800000000002,0.9708424882832176
TEC-AC-10003499,194.54399999999998,0.9709271756970882
FUR-FU-10004909,193.92,0.9710115914760266
OFF-ST-10003722,193.61399999999998,0.9710958740493731
OFF-FA-10003495,192.128,0.9711795097485061
OFF-BI-10000174,191.98,0.9712630810214051
OFF-PA-10001281,191.6,0.9713464868755952
OFF-PA-10002245,191.36,0.9714297882548117
OFF-BI-10002706,191.352,0.971513086151529
TEC-AC-10001101,190.77200000000002,0.9715961315670592
TEC-PH-10004774,189.654,0.9716786903033358
TEC-PH-10002844,188.946,0.9717609408384393
OFF-PA-10003797,187.92000000000002,0.9718427447430293
OFF-AP-10001366,186.66,0.9719240001540062
OFF-PA-10001457,186.49599999999998,0.9720051841737507
OFF-PA-10003724,184.62,0.9720855515474491
TEC-AC-10004633,184.536,0.9721658823549066
OFF-BI-10001617,184.052,0.9722460024711668
OFF-BI-10004965,184.0,0.9723260999511825
FUR-FU-10002364,183.024,0.9724057725663041
OFF-PA-10000312,182.72,0.972485312846459
OFF-BI-10004209,182.508,0.9725647608403867
OFF-AR-10003752,182.49,0.9726442009986915
OFF-PA-10004996,181.456,0.9727231910439835
OFF-AP-10003884,180.66,0.972801834580612
OFF-ST-10001505,180.596,0.9728804502572475
FUR-FU-10002703,180.46,0.9729590067313977
FUR-FU-10003691,180.31,0.9730374979086892
TEC-MA-10003337,179.991,0.9731158502213277
OFF-ST-10001580,179.76,0.9731941019768041
OFF-SU-10004782,179.14,0.9732720838385975
OFF-BI-10002103,179.014,0.9733500108510298
OFF-PA-10003848,178.848,0.9734278656016052
OFF-PA-10001725,178.296,0.9735054800597405
OFF-LA-10002312,177.6,0.9735827915404514
FUR-FU-10000221,176.784,0.9736597478062508
OFF-BI-10000014,176.742,0.9737366857889297
FUR-FU-10004671,176.70000000000002,0.9738136054884883
OFF-ST-10000918,176.58,0.97389047295056
OFF-LA-10001569,176.292,0.9739672150426628
OFF-EN-10002986,176.288,0.9740439553935162
OFF-PA-10003172,176.256,0.9741206818143731
OFF-EN-10002592,176.01600000000002,0.9741973037602558
FUR-FU-10000010,175.938,0.9742738917517723
FUR-FU-10000448,175.78,0.9743504109639307
TEC-PH-10002070,175.422,0.9744267743342532
OFF-BI-10001078,175.388,0.9745031229039541
OFF-BI-10004002,174.73,0.9745791850381017
OFF-PA-10002160,174.556,0.974655171427893
TEC-AC-10004396,174.24,0.974731020258969
TEC-PH-10000376,173.826,0.9748066888707146
OFF-AR-10001860,173.5,0.9748822155706208
OFF-PA-10000477,172.77599999999998,0.9749574271043556
OFF-BI-10000320,172.692,0.9750326020718494
OFF-AR-10001683,171.39000000000001,0.9751072102626097
OFF-AR-10003514,171.14,0.9751817096252723
FUR-FU-10002396,171.088,0.9752561863516903
OFF-PA-10001870,171.072,0.9753306561131103
OFF-AR-10004691,171.04,0.9754051119445334
OFF-BI-10001249,170.984,0.9754795433984629
TEC-AC-10004814,170.97,0.9755539687580189
OFF-AP-10000390,170.744,0.9756282957369743
FUR-FU-10002088,170.62,0.9757025687371933
OFF-PA-10002764,170.10000000000002,0.9757766153749686
OFF-PA-10001667,169.832,0.975850545349023
OFF-PA-10004101,169.776,0.9759244509455837
OFF-PA-10002968,169.01600000000002,0.9759980257047269
FUR-FU-10002671,168.84,0.9760715238488892
FUR-FU-10001037,168.744,0.9761449802030618
OFF-PA-10002195,168.464,0.976218314669765
OFF-AP-10000027,168.392,0.9762916177939759
OFF-LA-10004093,168.13,0.9763648068663402
FUR-FU-10002554,167.93,0.9764379088762264
OFF-PA-10002666,166.704,0.9765104771931207
OFF-SU-10004664,166.056,0.9765827634275852
OFF-PA-10003651,165.664,0.9766548790195924
OFF-BI-10000301,164.985,0.976726699034486
OFF-PA-10001804,164.328,0.9767982330491382
OFF-EN-10004459,163.496,0.976869404883881
FUR-FU-10004587,163.332,0.9769405053273914
FUR-FU-10003849,161.92,0.9770109911098052
OFF-PA-10004041,161.32,0.9770812157047841
FUR-FU-10001487,160.54000000000002,0.9771511007560979
OFF-EN-10001099,160.392,0.9772209213811777
OFF-PA-10000726,160.336,0.9772907176287636
TEC-PH-10003535,159.984,0.9773603606463878
OFF-SU-10001664,159.402,0.9774297503122
OFF-LA-10002043,159.39,0.9774991347542638
FUR-FU-10000175,159.268,0.9775684660882157
FUR-FU-10004963,159.25,0.9776377895865445
FUR-FU-10003798,158.24,0.9777066734193579
OFF-AP-10000326,157.92,0.9777754179522061
OFF-AR-10004062,157.2,0.9778438490601328
OFF-BI-10004817,156.938,0.9779121661162127
FUR-FU-10002157,156.8,0.9779804230991825
OFF-PA-10000300,155.844,0.9780482639235063
FUR-FU-10003832,155.708,0.9781160455453449
OFF-PA-10002689,155.52,0.9781837453284539
FUR-FU-10000794,155.38,0.978251384167828
OFF-LA-10000414,155.25,0.9783189664165912
OFF-PA-10000919,155.04,0.9783864572497524
TEC-AC-10004877,154.56,0.9784537391329656
FUR-FU-10002456,154.336,0.978520923506203
OFF-LA-10002945,153.72,0.9785878397270075
OFF-LA-10000240,153.51,0.9786546645322096
OFF-BI-10001922,153.252,0.978721377026815
OFF-SU-10000946,153.216,0.9787880738501743
OFF-PA-10000174,152.144,0.9788543040186498
FUR-FU-10003142,152.064,0.9789204993621342
FUR-FU-10003424,151.656,0.9789865170981629
OFF-PA-10004888,151.632,0.979052524386694
OFF-PA-10003591,151.536,0.9791184898852355
OFF-AP-10003266,151.062,0.9791842490457039
TEC-AC-10003614,150.67000000000002,0.9792498375637145
OFF-PA-10000061,150.336,0.9793152806873866
OFF-AP-10003281,149.916,0.979380540979854
OFF-PA-10001712,149.85000000000002,0.9794457725417038
FUR-FU-10003731,149.70000000000002,0.979510938806695
OFF-AR-10002656,149.632,0.9795760754704433
FUR-FU-10002268,149.264,0.9796410519392317
TEC-AC-10001635,148.03199999999998,0.979705492103154
TEC-PH-10003187,147.926,0.9797698861239628
OFF-PA-10001934,147.744,0.9798342009179162
OFF-AP-10004136,147.528,0.9798984216843931
OFF-AP-10001303,147.26,0.9799625257871493
OFF-BI-10004970,147.028,0.9800265288974306
OFF-BI-10000948,146.981,0.9800905115480293
OFF-FA-10003112,146.754,0.9801543953827154
OFF-EN-10001219,146.688,0.9802182504867836
OFF-PA-10004735,146.448,0.9802820011158778
FUR-FU-10000820,146.114,0.9803456063506334
OFF-AR-10004999,145.912,0.9804091236522858
OFF-ST-10004634,145.73000000000002,0.9804725617270831
FUR-FU-10000719,145.69,0.9805359823893847
OFF-PA-10001800,145.15200000000002,0.9805991688536198
OFF-PA-10000143,144.672,0.9806621463679068
FUR-FU-10001967,143.928,0.9807248000097747
OFF-PA-10001639,143.856,0.9807874223091506
OFF-BI-10002215,143.42,0.9808498548123237
OFF-BI-10002982,143.01,0.9809121088374164
OFF-PA-10002262,142.56,0.980974166971933
OFF-BI-10004738,142.05,0.9810360030971298
OFF-BI-10000829,141.884,0.9810977669604698
OFF-BI-10001153,141.614,0.9811594132894641
OFF-PA-10004621,141.264,0.9812209072591214
OFF-PA-10004983,141.264,0.9812824012287787
OFF-AR-10003338,139.872,0.9813432892435872
OFF-FA-10000621,139.62,0.981404067559673
OFF-FA-10000134,139.44,0.9814647675195285
OFF-PA-10002479,139.392,0.981525446584389
OFF-PA-10001184,138.736,0.9815858400843209
OFF-PA-10002036,138.672,0.9816462057242596
OFF-PA-10002250,138.532,0.9817065104204638
OFF-AR-10003156,138.176,0.9817666601454564
FUR-FU-10000771,138.16,0.9818268029054509
OFF-BI-10003694,137.808,0.9818867924354834
OFF-BI-10003460,137.53199999999998,0.9819466618192961
FUR-FU-10001918,137.17,0.982006373620023
OFF-LA-10004484,137.116,0.9820660619138808
OFF-PA-10000246,136.816,0.9821256196140212
OFF-BI-10003429,136.728,0.9821851390066713
FUR-TA-10001691,136.464,0.9822445434768499
OFF-BI-10001072,136.44,0.9823039374995312
FUR-FU-10002597,136.344,0.9823632897322228
OFF-PA-10001593,136.344,0.9824226419649145
OFF-SU-10003567,136.32,0.9824819837501086
TEC-AC-10004209,136.276,0.9825413063815577
OFF-BI-10003476,135.80100000000002,0.9826004222396209
FUR-FU-10002960,135.648,0.9826594714948881
OFF-PA-10004451,134.784,0.9827181446402492
OFF-BI-10004040,134.68,0.9827767725131215
OFF-BI-10004139,133.86,0.9828350434298331
OFF-PA-10004285,133.6,0.9828932011653225
FUR-FU-10000732,133.136,0.9829511569158629
TEC-PH-10004348,133.128,0.9830091091839038
OFF-PA-10001838,132.888,0.9830669569769707
TEC-MA-10003173,131.1,0.983124026431482
OFF-BI-10003712,131.097,0.983181094580056
OFF-PA-10000743,130.928,0.9832380891608359
OFF-EN-10001990,130.64,0.983294958371647
OFF-PA-10004040,129.168,0.9833511868026181
OFF-AP-10000252,128.7,0.9834072115073899
OFF-FA-10000624,128.164,0.9834630028847199
OFF-AR-10001419,128.03,0.9835187359301897
TEC-PH-10004700,127.87200000000001,0.9835744001963015
OFF-AR-10003504,127.544,0.9836299216799488
OFF-PA-10001534,127.008,0.9836852098361546
TEC-PH-10003875,126.36000000000001,0.9837402159099305
OFF-PA-10002893,125.84,0.983794995621263
FUR-FU-10001196,125.786,0.9838497518257265
OFF-BI-10004364,125.334,0.9839043112689889
OFF-EN-10001141,125.172,0.9839588001916438
TEC-AC-10001590,125.0,0.9840132142405675
OFF-PA-10002870,124.8,0.9840675412270131
FUR-FU-10000073,124.74,0.984121842094715
OFF-PA-10002606,124.608,0.9841760855011813
OFF-BI-10001900,124.592,0.9842303219426494
FUR-FU-10000260,124.586,0.9842845557722432
OFF-AR-10003696,124.488,0.9843387469412225
OFF-PA-10001937,124.416,0.9843929067677095
OFF-AR-10003631,123.904,0.9844468437142523
OFF-AR-10001761,123.80799999999999,0.9845007388708056
OFF-AR-10001374,123.12,0.9845543345324336
OFF-PA-10004438,122.8,0.9846077908940961
OFF-BI-10003708,122.18,0.9846609773620763
OFF-PA-10000304,121.82400000000001,0.984714008858845
OFF-PA-10001994,121.392,0.9847668523006605
OFF-LA-10002475,121.34599999999999,0.984819675718106
FUR-FU-10001867,121.296,0.9848724773699321
OFF-AR-10004757,120.704,0.9849250213168224
OFF-PA-10001569,120.528,0.9849774886487318
OFF-PA-10002787,120.528,0.9850299559806412
OFF-PA-10002246,119.97,0.9850821804082364
OFF-BI-10002072,119.922,0.9851343839408365
FUR-BO-10002206,119.833,0.9851865487306339
FUR-FU-10004666,119.55600000000001,0.9852385929388989
TEC-PH-10000148,119.508,0.9852906162521691
OFF-PA-10003883,119.21,0.9853425098423466
OFF-AR-10000034,118.72,0.9853941901294525
OFF-PA-10000349,118.524,0.9854457850953298
OFF-AR-10000122,118.296,0.9854972808099814
OFF-BI-10001116,117.744,0.9855485362321932
OFF-BI-10002799,117.586,0.9855997228750473
FUR-FU-10002553,117.28,0.9856507763123096
OFF-PA-10001471,116.96000000000001,0.9857016904496065
OFF-BI-10001097,116.501,0.9857524047785157
OFF-BI-10003981,116.224,0.9858029985258927
OFF-PA-10000791,115.434,0.9858532483764804
OFF-BI-10000404,115.24,0.9859034137764641
FUR-FU-10001706,115.192,0.9859535582814531
OFF-BI-10001634,115.024,0.9860036296539603
OFF-PA-10001526,114.54,0.98605349033527
OFF-PA-10000327,113.848,0.9861030497804051
OFF-LA-10001613,113.472,0.9861524455480809
OFF-ST-10003327,113.202,0.9862017237814109
OFF-BI-10001757,112.66799999999999,0.986250769557924
OFF-PA-10000289,111.456,0.9862992877358189
OFF-AR-10002399,110.76,0.986347502936289
OFF-BI-10001553,110.59400000000001,0.9863956458749025
OFF-BI-10002309,110.48400000000001,0.9864437409291529
OFF-LA-10003766,110.25,0.9864917341203036
OFF-PA-10000520,110.16000000000001,0.9865396881333389
OFF-PA-10003072,110.16,0.9865876421463745
OFF-PA-10003363,110.16,0.9866355961594101
OFF-PA-10001892,110.016,0.9866834874874612
OFF-BI-10002437,110.01599999999999,0.9867313788155124
OFF-LA-10001934,109.64999999999999,0.9867791108192283
OFF-PA-10004569,109.584,0.9868268140923263
OFF-PA-10003893,109.568,0.9868745104004261
FUR-FU-10001546,108.936,0.9869219315910946
OFF-EN-10002312,108.682,0.9869692422124157
OFF-BI-10001308,108.644,0.9870165362918657
OFF-PA-10001745,108.416,0.9870637311200907
FUR-FU-10003194,108.08,0.987110779683352
FUR-FU-10001935,108.03999999999999,0.9871578108341178
TEC-AC-10001090,107.964,0.9872048089011418
TEC-AC-10001542,107.912,0.9872517843319215
OFF-AP-10002222,107.508,0.987298583896495
OFF-PA-10002615,106.72200000000001,0.9873450413055289
OFF-LA-10001641,106.47,0.9873913890158403
OFF-PA-10002464,106.352,0.9874376853592894
OFF-PA-10000587,106.288,0.9874839538427453
OFF-AP-10003278,106.172,0.987530171829964
OFF-BI-10003305,105.846,0.987576247905343
OFF-PA-10004610,105.28800000000001,0.9876220810764078
TEC-AC-10002134,105.14399999999999,0.987667851562488
OFF-PA-10003309,104.976,0.9877135489160865
TEC-PH-10003442,104.5,0.9877590390609867
TEC-AC-10003237,103.88,0.9878042593122045
OFF-PA-10003256,103.86,0.9878494708571741
OFF-BI-10000343,102.619,0.9878941421794661
OFF-AR-10000914,102.608,0.9879388087133218
OFF-PA-10000069,102.49199999999999,0.9879834247509403
OFF-BI-10002071,102.256,0.9880279380548342
OFF-SU-10004661,102.0,0.988072339918756
TEC-MA-10002694,101.994,0.9881167391708034
FUR-FU-10003095,101.94,0.9881611149159817
OFF-PA-10002586,101.592,0.9882053391724478
OFF-AR-10003560,100.928,0.9882492743814859
OFF-BI-10002412,100.92,0.988293206108025
OFF-EN-10001028,100.63199999999999,0.9883370124645954
OFF-BI-10003963,100.464,0.9883807456886838
OFF-BI-10001758,100.392,0.9884244475702803
OFF-PA-10000210,99.9,0.9884679352781801
OFF-BI-10002571,99.8,0.9885113794548409
OFF-BI-10001031,99.324,0.9885546164228033
OFF-ST-10003572,99.11999999999999,0.988597764587038
OFF-PA-10004675,99.06,0.9886408866325288
FUR-FU-10000409,98.868,0.9886839250980408
OFF-PA-10003177,98.49600000000001,0.988726801627343
FUR-FU-10003919,98.13600000000001,0.9887695214441845
FUR-FU-10002030,97.812,0.9888121002198113
OFF-SU-10000952,97.68,0.9888546215342021
OFF-PA-10004255,97.2,0.9888969338986453
OFF-PA-10004782,97.2,0.9889392462630883
OFF-LA-10000305,97.02,0.988981480271301
OFF-AR-10003056,96.728,0.9890235871682953
OFF-BI-10002432,96.646,0.9890656583696736
TEC-AC-10000290,96.418,0.9891076303198267
FUR-FU-10001424,96.03,0.9891494333687718
OFF-AR-10003405,95.94,0.9891911972396017
OFF-PA-10000029,95.904,0.9892329454391856
OFF-PA-10000788,95.904,0.9892746936387695
OFF-PA-10003349,95.904,0.9893164418383534
OFF-LA-10003148,95.75999999999999,0.9893581273529528
OFF-LA-10000407,95.616,0.9893997501825679
OFF-SU-10001165,95.076,0.9894411379434916
OFF-AR-10004269,94.99000000000001,0.9894824882675498
OFF-AR-10000716,94.86,0.989523782000997
OFF-PA-10002947,94.856,0.9895650739931948
OFF-BI-10000756,94.128,0.9896060490779716
FUR-FU-10001731,93.984,0.989646961477764
OFF-LA-10001771,93.624,0.9896877171650954
FUR-FU-10000755,93.6,0.9897284624049295
FUR-FU-10002506,93.52799999999999,0.9897691763022715
OFF-PA-10001001,93.248,0.9898097683121437
OFF-EN-10002600,93.22,0.989850348133269
OFF-AR-10003829,93.152,0.9898908983531519
OFF-FA-10002780,92.976,0.9899313719580537
OFF-BI-10002557,92.82,0.9899717776542224
OFF-PA-10003845,92.48,0.9900120353441781
OFF-PA-10004971,92.48,0.9900522930341339
OFF-FA-10000585,92.136,0.9900924009766271
OFF-BI-10000138,91.728,0.9901323313116643
OFF-AP-10004868,91.68599999999999,0.9901722433635815
OFF-ST-10000321,91.524,0.9902120848948909
TEC-MA-10003493,91.475,0.9902519050958933
OFF-BI-10000605,91.44,0.990291710060962
OFF-LA-10002195,91.16799999999999,0.9903313966210602
FUR-BO-10001567,90.882,0.9903709586818146
OFF-SU-10002503,90.88,0.9904105198719441
OFF-AR-10003158,90.744,0.9904500218595883
OFF-LA-10000121,90.72,0.9904895133997353
OFF-BI-10003727,90.706,0.9905289988455086
OFF-AR-10003045,90.55199999999999,0.9905684172531738
OFF-PA-10002709,89.7,0.9906074647746813
OFF-PA-10002751,89.7,0.9906465122961892
OFF-BI-10003274,89.55,0.990685494520838
OFF-PA-10002365,89.424,0.9907244218961256
OFF-LA-10002787,89.25,0.9907632735270572
OFF-SU-10004737,88.92,0.9908019815048996
OFF-AR-10004685,88.896,0.9908406790352446
OFF-LA-10002034,88.38,0.9908791519443957
OFF-AR-10000817,88.16,0.9909175290848207
OFF-PA-10001260,88.11,0.9909558844596259
TEC-AC-10002018,88.074,0.9909942241631852
OFF-EN-10003448,88.008,0.9910325351361267
OFF-AP-10003622,87.75,0.9910707337984711
OFF-FA-10002763,87.69,0.991108906342072
OFF-BI-10003355,87.648,0.9911470606025525
FUR-FU-10004020,87.52,0.9911851591430471
OFF-LA-10003223,87.398,0.9912232045754298
OFF-BI-10000546,87.264,0.991261191675952
OFF-PA-10001461,86.84,0.9912989942040203
OFF-AR-10003732,86.736,0.9913367514596
OFF-AR-10004441,86.112,0.9913742370802472
OFF-AR-10000411,86.076,0.9914117070296484
OFF-BI-10004410,85.995,0.9914491417187461
OFF-BI-10002949,85.728,0.9914864601794352
OFF-PA-10000295,85.536,0.991523695060145
OFF-PA-10003001,85.50399999999999,0.9915609160108585
OFF-BI-10000279,85.25500000000001,0.9915980285687864
OFF-LA-10003720,84.87,0.9916349735314437
FUR-FU-10004712,84.84,0.9916719054347292
FUR-FU-10002885,84.83200000000001,0.9917088338555156
OFF-PA-10003270,84.48,0.9917456090463401
OFF-LA-10004689,84.388,0.9917823441884249
OFF-PA-10000223,84.24000000000001,0.9918190149042755
OFF-PA-10000552,84.24000000000001,0.9918556856201263
OFF-AR-10000475,83.952,0.9918922309660082
TEC-PH-10000004,83.944,0.9919287728293908
OFF-AP-10002287,83.904,0.9919652972802782
OFF-PA-10000533,83.712,0.9920017381511863
OFF-LA-10004853,83.664,0.9920381581270994
FUR-FU-10003096,83.49,0.9920745023586565
TEC-AC-10002857,83.44,0.992110824824594
OFF-AR-10000390,83.426,0.9921471411961581
OFF-BI-10003669,83.16,0.9921833417746262
OFF-BI-10002827,82.95,0.992219450937492
FUR-FU-10000320,82.832,0.9922555087334956
OFF-AR-10002375,82.65599999999999,0.9922914899145183
OFF-PA-10004733,82.368,0.9923273457255722
OFF-PA-10001952,82.22399999999999,0.992363138851642
OFF-BI-10000145,81.744,0.9923987230277638
OFF-AR-10002053,81.652,0.9924342671551454
OFF-SU-10004115,81.424,0.992469712031302
OFF-AR-10000634,81.32,0.9925051116349698
FUR-FU-10004586,81.008,0.9925403754211715
OFF-AR-10001149,80.952,0.9925756148298792
OFF-PA-10001560,80.936,0.9926108472735888
TEC-AC-10000521,80.78,0.9926460118085653
OFF-AR-10003602,80.592,0.9926810945048122
OFF-BI-10003314,80.494,0.9927161345404447
OFF-PA-10004609,80.352,0.9927511127617177
OFF-SU-10001225,80.224,0.9927860352630045
OFF-AR-10001246,79.968,0.9928208463243193
OFF-ST-10001034,79.4,0.9928554101281956
TEC-PH-10002185,79.23,0.9928898999289654
OFF-PA-10001293,79.056,0.9929243139853791
OFF-PA-10004355,79.056,0.9929587280417927
OFF-LA-10003190,78.336,0.9929928286732846
OFF-EN-10002621,78.24,0.9930268875147872
OFF-ST-10002957,78.144,0.9930609045662998
OFF-BI-10001890,78.044,0.9930948780865734
OFF-EN-10004955,77.904,0.9931287906631122
OFF-AR-10001988,77.87,0.9931626884390298
OFF-PA-10001801,77.74000000000001,0.9931965296243366
OFF-FA-10004395,77.244,0.993230154894697
OFF-FA-10002975,77.112,0.9932637227038218
OFF-PA-10001215,77.088,0.9932972800654493
OFF-PA-10000466,76.836,0.9933307277283542
OFF-SU-10001574,76.64999999999999,0.9933640944231541
OFF-PA-10003936,76.464,0.9933973801498495
OFF-PA-10002259,76.092,0.9934305039403349
OFF-AR-10000255,75.92,0.9934635528570894
OFF-PA-10000213,75.696,0.993496504263868
OFF-AR-10001662,75.62400000000001,0.9935294243281545
OFF-SU-10002557,75.492,0.9935622869312053
TEC-PH-10003356,75.49199999999999,0.9935951495342561
OFF-BI-10004140,75.432,0.9936279860185635
OFF-AR-10001221,75.348,0.9936607859366298
OFF-AR-10001954,75.306,0.9936935675715758
OFF-EN-10000781,75.164,0.9937262873921623
TEC-AC-10000387,75.1,0.9937589793527556
OFF-PA-10001609,73.696,0.9937910601347514
OFF-BI-10000285,72.912,0.9938227996318324
OFF-PA-10003016,72.848,0.9938545112689205
OFF-BI-10001267,72.806,0.993886204622888
OFF-PA-10004734,72.8,0.9939178953649813
FUR-FU-10000550,72.708,0.9939495460583343
OFF-PA-10002749,72.25200000000001,0.9939809982492371
OFF-BI-10002003,72.038,0.994012357283288
TEC-MA-10003329,71.976,0.9940436893279707
OFF-BI-10001679,71.928,0.9940750004776585
OFF-EN-10003068,71.28,0.9941060295449169
OFF-LA-10001982,71.25,0.9941370455528035
OFF-PA-10000528,70.752,0.994167844775119
OFF-PA-10000807,70.19200000000001,0.9941984002224954
OFF-PA-10000232,69.98400000000001,0.9942288651248945
OFF-BI-10002764,69.768,0.994259235999817
OFF-FA-10001561,69.76,0.9942896033922403
OFF-PA-10001846,69.36,0.994319796659707
OFF-ST-10000617,69.136,0.9943498924171981
OFF-BI-10003166,68.88,0.9943798767347172
OFF-LA-10000248,68.634,0.9944097539653879
OFF-AR-10000203,68.48,0.9944395641579502
OFF-EN-10003798,68.28,0.9944692872880343
OFF-PA-10002659,68.276,0.9944990086768688
OFF-BI-10000136,68.172,0.9945286847932145
OFF-EN-10001509,68.136,0.9945583452383143
OFF-AR-10000614,67.83,0.9945878724778223
OFF-PA-10002230,67.72800000000001,0.9946173553154664
OFF-BI-10000822,67.25,0.9946466300737874
OFF-FA-10000936,67.116,0.9946758465002479
OFF-AR-10003394,67.032,0.9947050263604675
OFF-LA-10004559,66.816,0.9947341121932107
OFF-BI-10004506,66.663,0.9947631314231578
OFF-BI-10000773,66.566,0.9947921084278031
FUR-FU-10001617,66.56,0.994821082820574
OFF-LA-10000443,66.42,0.9948499962696101
OFF-BI-10002414,66.40899999999999,0.9948789049302099
OFF-LA-10003121,66.08,0.994907670373033
OFF-FA-10000992,66.03,0.9949364140502364
OFF-AR-10000127,65.6,0.9949649705431116
OFF-AR-10003481,65.6,0.9949935270359868
OFF-EN-10003160,65.52,0.9950220487038707
OFF-AR-10003183,65.464,0.9950505459942607
TEC-PH-10000347,65.34,0.995078989305914
FUR-FU-10003829,65.29599999999999,0.9951074134638223
OFF-AR-10000940,65.268,0.9951358254329834
OFF-BI-10002976,65.254,0.9951642313077712
OFF-PA-10003657,65.056,0.9951925509907054
TEC-PH-10002365,64.972,0.9952208341073988
OFF-PA-10003036,64.06400000000001,0.9952487219604409
OFF-FA-10004248,64.042,0.9952766002366102
FUR-FU-10002874,63.824,0.9953043836146783
OFF-BI-10001525,63.627,0.9953320812362052
TEC-PH-10000307,63.51,0.9953597279261825
OFF-BI-10001132,62.946,0.995387129099971
OFF-EN-10003072,62.856,0.995414491095644
FUR-FU-10002191,62.82,0.9954418374200712
OFF-LA-10003537,62.650000000000006,0.9954691097413918
OFF-PA-10000673,62.608000000000004,0.9954963637795919
OFF-AR-10003651,62.32,0.9955234924478232
OFF-EN-10004007,62.28,0.9955506037035591
OFF-BI-10001787,62.13,0.9955776496624361
OFF-AP-10000804,61.824,0.9956045624157214
OFF-AR-10000246,61.716,0.9956314281552684
TEC-PH-10000912,61.544,0.995658219021084
OFF-AR-10001547,61.438,0.9956849637437862
OFF-PA-10000809,60.912,0.9957114794921706
OFF-AR-10001166,60.64,0.9957378768355846
OFF-PA-10000682,60.112,0.9957640443340556
OFF-PA-10004519,60.032000000000004,0.9957901770075356
TEC-AC-10000926,59.976,0.9958162853035217
OFF-BI-10001759,59.817,0.9958423243848374
OFF-AR-10001427,59.800000000000004,0.9958683560658425
FUR-FU-10002111,59.696,0.9958943424743588
OFF-AR-10003759,59.696,0.9959203288828753
OFF-AR-10004587,59.489999999999995,0.9959462256170392
FUR-FU-10001379,58.784,0.9959718150206546
OFF-FA-10002988,58.692,0.99599736437553
OFF-EN-10004030,58.644,0.9960228928354108
OFF-LA-10003077,58.48,0.9960483499040592
OFF-FA-10004968,58.344,0.9960737477702225
OFF-PA-10002105,58.32,0.9960991351888883
OFF-PA-10001947,57.408,0.9961241256026531
OFF-BI-10002393,57.4,0.996149112533919
OFF-PA-10000130,57.352,0.99617407857019
OFF-LA-10000134,56.672,0.9961987485940348
OFF-LA-10000262,56.376,0.9962232897654119
OFF-PA-10003971,56.212,0.9962477595455566
TEC-PH-10004924,56.164,0.9962722084307065
OFF-AR-10002766,56.156,0.9962966538333576
FUR-FU-10002685,56.099999999999994,0.9963210748585144
OFF-AP-10004052,56.09,0.9963454915305476
OFF-LA-10004345,55.974000000000004,0.9963698577063432
OFF-PA-10004965,55.944,0.9963942108227672
OFF-BI-10004094,55.755,0.9964184816651491
OFF-FA-10000304,54.936,0.9964423959866824
OFF-PA-10000551,54.908,0.996466298119469
OFF-EN-10001415,54.684,0.9964901027422797
OFF-PA-10001307,54.6,0.9965138707988496
TEC-AC-10002558,54.57599999999999,0.996537628407922
OFF-BI-10000216,54.474000000000004,0.9965613416151305
OFF-PA-10000556,54.432,0.9965850365392187
OFF-AR-10002280,54.348,0.996608694897066
OFF-FA-10000735,54.312,0.9966323375836672
OFF-EN-10002973,53.760000000000005,0.9966557399778282
OFF-LA-10004425,53.754,0.996679139760115
OFF-LA-10004409,53.568,0.9967024585742971
FUR-FU-10001025,53.46,0.9967257303747407
OFF-ST-10003221,53.4,0.9967489760564409
OFF-BI-10004099,52.992,0.9967720441306854
OFF-PA-10003063,52.8,0.9967950286249507
FUR-TA-10003837,51.782,0.9968175699712017
OFF-AR-10004817,51.6,0.9968400320905976
OFF-BI-10002012,51.480000000000004,0.9968624419725063
OFF-BI-10004465,51.480000000000004,0.996884851854415
OFF-PA-10000350,51.36,0.9969072094988367
OFF-BI-10002954,51.184000000000005,0.9969294905282776
OFF-PA-10000007,51.120000000000005,0.9969517436977254
OFF-LA-10000452,51.03,0.9969739576890582
OFF-EN-10003845,50.922,0.9969961246666524
OFF-AR-10002257,50.768,0.9970182246061386
OFF-FA-10002815,50.616,0.9970402583781411
OFF-AP-10001626,50.57,0.9970622721257737
OFF-FA-10001843,50.388,0.9970842066465512
OFF-LA-10000081,50.25,0.9971060810942185
OFF-EN-10004147,50.232,0.9971279477062627
OFF-PA-10004000,50.138000000000005,0.9971497733989424
OFF-PA-10001583,49.980000000000004,0.997171530312264
OFF-PA-10001763,49.95,0.9971932741662138
OFF-PA-10000605,49.708,0.9972149126745651
OFF-PA-10000697,49.504,0.9972364623791885
OFF-PA-10003953,49.248000000000005,0.9972579006438396
OFF-AR-10004752,49.128,0.9972792866710037
OFF-AR-10001573,48.93,0.9973005865063145
FUR-FU-10001847,48.852,0.9973218523872587
OFF-PA-10004947,48.792,0.9973430921494593
OFF-LA-10002271,48.048,0.9973640080392407
OFF-FA-10000053,48.006,0.9973849056459019
OFF-AR-10004956,47.988,0.9974057954169399
OFF-AR-10004790,47.88,0.9974266381742397
OFF-LA-10001175,47.808,0.9974474495890472
FUR-FU-10002963,47.752,0.9974682366263607
OFF-AP-10004655,47.544000000000004,0.9974889331186971
OFF-AR-10003190,47.232,0.9975094937935671
OFF-AR-10004511,47.080000000000005,0.9975299883009539
OFF-PA-10004239,47.08,0.9975504828083405
OFF-AR-10003217,46.944,0.997570918113242
OFF-PA-10003729,46.656,0.9975912280481747
OFF-LA-10001317,46.62,0.9976115223118612
FUR-FU-10004415,46.592000000000006,0.9976318043868008
OFF-PA-10001204,46.464,0.9976520307417543
OFF-FA-10002983,46.376000000000005,0.9976722187892174
OFF-ST-10001414,46.26,0.9976923563404432
OFF-AR-10001940,45.919999999999995,0.9977123458854558
OFF-AR-10003856,45.592,0.9977321926480041
OFF-BI-10002897,45.507999999999996,0.9977520028443114
OFF-LA-10004178,45.43,0.9977717790862524
FUR-FU-10000206,45.396,0.9977915405275717
OFF-PA-10001246,45.36,0.9978112862976452
OFF-AR-10000657,45.15,0.9978309406521165
OFF-SU-10004290,45.144,0.9978505923947134
FUR-FU-10002508,45.036,0.997870197123572
OFF-AR-10002335,44.891999999999996,0.9978897391674462
OFF-LA-10001045,44.37,0.9979090539782522
OFF-LA-10001404,44.28,0.9979283296109431
OFF-SU-10002522,44.232,0.997947584348639
TEC-AC-10000199,44.03,0.9979667511532317
OFF-AR-10003251,43.924,0.9979858718147112
OFF-BI-10003196,43.758,0.9980049202143336
OFF-AR-10003772,43.75,0.998023965131457
OFF-AP-10000595,43.7,0.9980429882829608
OFF-SU-10002189,43.67,0.9980619983750927
OFF-AR-10003469,42.944,0.9980806924304286
OFF-AR-10001177,42.64,0.9980992541507974
TEC-AC-10001445,42.42,0.9981177201024403
OFF-BI-10004187,42.111999999999995,0.9981360519778664
OFF-BI-10002160,41.910000000000004,0.9981542959201896
TEC-MA-10000752,41.905,0.9981725376859507
OFF-SU-10000432,41.64,0.9981906640939282
OFF-BI-10001982,41.344,0.9982086616494379
OFF-EN-10001137,41.3,0.9982266400512022
OFF-FA-10001332,40.896,0.9982444425867605
OFF-PA-10004470,40.896,0.9982622451223189
OFF-BI-10004528,40.32,0.9982797969179397
OFF-PA-10001826,40.176,0.9982972860285761
OFF-AR-10003811,39.78,0.9983146027555055
FUR-FU-10003026,39.688,0.9983318794336951
OFF-BI-10000848,39.384,0.9983490237769176
OFF-AR-10001868,38.976,0.9983659905126843
OFF-BI-10003350,38.918,0.9983829320003325
OFF-AR-10001315,38.72,0.9983997872961271
OFF-BI-10004022,38.641999999999996,0.9984166086375552
OFF-BI-10002194,38.304,0.9984332828433949
OFF-AP-10000124,38.272,0.9984499431192382
OFF-PA-10001622,38.136,0.9984665441925963
OFF-BI-10004656,38.016,0.9984830930284675
OFF-PA-10000955,37.932,0.9984996052980977
OFF-AR-10000799,37.696,0.9985160148340034
OFF-AR-10002467,37.548,0.9985323599436754
OFF-AR-10004930,37.52,0.9985486928646004
FUR-FU-10002107,37.464,0.9985650014080312
OFF-BI-10003655,37.239999999999995,0.9985812124414867
OFF-AR-10002804,37.164,0.9985973903912002
OFF-PA-10004248,36.96,0.9986134795371859
OFF-BI-10003529,36.919999999999995,0.9986295512706761
OFF-ST-10001627,36.744,0.9986455463891852
OFF-EN-10004846,36.708,0.9986615258364484
OFF-AR-10001545,36.608,0.9986774617524724
FUR-FU-10002505,36.396,0.9986933053822695
OFF-PA-10001837,36.288,0.9987091019983282
FUR-FU-10003489,36.162,0.9987248437650257
OFF-FA-10000611,36.112,0.9987405637661035
OFF-PA-10003205,35.948,0.9987562123759492
FUR-FU-10003274,35.904,0.9987718418320497
OFF-BI-10004352,35.775,0.9987874151328516
OFF-ST-10004835,35.712,0.998802961008973
OFF-SU-10004768,35.587999999999994,0.9988184529063578
OFF-LA-10003663,35.258,0.9988338011506535
OFF-PA-10002960,34.86,0.9988489761406172
OFF-FA-10003021,34.592,0.9988640344668602
OFF-AR-10001770,34.58,0.9988790875693546
OFF-AR-10002578,34.56,0.9988941319656011
OFF-FA-10003059,34.39,0.9989091023587408
OFF-PA-10002741,34.24,0.9989240074550221
FUR-FU-10001852,33.756,0.9989387018601058
OFF-FA-10004838,33.480000000000004,0.9989532761189696
OFF-BI-10000042,33.108000000000004,0.9989676884416236
OFF-PA-10001752,32.868,0.9989819962893038
OFF-BI-10004716,32.647999999999996,0.9989962083682579
OFF-PA-10002552,32.400000000000006,0.9990103124897389
OFF-LA-10000634,32.364,0.9990244009399739
OFF-BI-10002609,31.588,0.9990381515877931
OFF-AR-10002255,31.104,0.999051691544415
OFF-AR-10001919,30.832,0.9990651130960663
OFF-AR-10001026,30.8,0.9990785207177211
OFF-AR-10002833,30.576,0.9990918308294001
OFF-PA-10004022,29.97,0.9991048771417702
FUR-FU-10003981,29.952,0.9991179156185171
OFF-BI-10004182,29.952,0.999130954095264
OFF-BI-10004967,29.952,0.9991439925720109
TEC-MA-10004086,29.925,0.9991570192953232
OFF-PA-10001243,29.900000000000002,0.9991700351358257
OFF-PA-10004948,29.88,0.9991830422700804
OFF-FA-10001229,29.868000000000002,0.9991960441805866
OFF-EN-10001749,29.808,0.999209019972349
FUR-FU-10004164,29.7,0.9992219487503733
OFF-FA-10003467,29.7,0.9992348775283977
OFF-SU-10001935,29.648,0.9992477836701776
OFF-AR-10001231,29.4,0.9992605818544845
OFF-AR-10000422,29.346,0.9992733565319222
OFF-PA-10004405,29.204,0.9992860693950003
OFF-BI-10002049,28.851,0.9992986285928044
OFF-BI-10002813,28.512,0.9993110402197075
OFF-AR-10001473,28.208,0.9993233195116439
OFF-PA-10000141,27.468,0.9993352766724105
TEC-AC-10002380,27.192,0.9993471136869573
TEC-AC-10004127,27.168,0.9993589402540066
OFF-FA-10003485,26.724,0.9993705735423541
OFF-AR-10001216,26.688000000000002,0.9993821911594556
OFF-LA-10004677,26.568,0.9993937565390699
OFF-AR-10003876,26.08,0.9994051094862374
OFF-BI-10000591,26.063,0.9994164550330941
OFF-AR-10004165,25.992,0.9994277696727711
TEC-AC-10000487,25.96,0.9994390703824516
OFF-AR-10003770,25.92,0.9994503536796364
OFF-PA-10003543,25.92,0.9994616369768213
OFF-BI-10000201,25.830000000000002,0.9994728810958908
OFF-FA-10003472,25.704,0.9994840703655993
OFF-PA-10003424,25.228,0.9994950524266091
OFF-FA-10002676,24.978,0.9995059256595212
OFF-AR-10003087,24.919999999999998,0.9995167736443147
OFF-FA-10004076,24.552,0.9995274614341482
OFF-AR-10000896,24.272,0.9995380273365119
OFF-AR-10004582,24.272,0.9995485932388759
OFF-LA-10004008,24.192,0.9995591243162483
OFF-LA-10002381,24.023999999999997,0.9995695822611389
OFF-SU-10002301,23.864,0.9995799705560471
OFF-AR-10001227,23.52,0.9995902091034926
OFF-AR-10000315,23.332,0.9996003658122085
OFF-BI-10003094,22.88,0.9996103257597236
OFF-AR-10000462,22.4,0.9996200767572907
OFF-LA-10003714,21.75,0.9996295448018034
OFF-AR-10001972,21.168,0.9996387594945044
OFF-LA-10000476,20.65,0.9996477486953865
OFF-AR-10003723,20.279999999999998,0.9996565768306839
OFF-PA-10001450,19.92,0.9996652482535205
OFF-FA-10000254,19.782,0.9996738596032468
FUR-FU-10002240,19.7,0.9996824352573573
OFF-FA-10000089,19.6,0.9996909673802286
OFF-AR-10000823,19.292,0.9996993654268832
TEC-AC-10003709,19.008,0.9997076398448187
OFF-PA-10000859,18.308,0.9997156095440803
OFF-PA-10001274,18.25,0.9997235539952233
OFF-AR-10002221,18.2,0.9997314766807464
OFF-AP-10001634,18.096,0.999739354093781
OFF-AR-10003896,17.94,0.9997471635980827
OFF-AR-10004027,17.64,0.9997548425086666
OFF-LA-10000973,17.64,0.9997625214192508
OFF-BI-10004141,17.49,0.9997701350329763
OFF-PA-10000308,16.896,0.9997774900711411
OFF-LA-10002368,16.704,0.9997847615293268
OFF-BI-10004876,16.401999999999997,0.9997919015231705
OFF-AR-10001118,16.176000000000002,0.9997989431364136
TEC-AC-10002370,15.76,0.9998058036597018
OFF-FA-10000490,15.624,0.9998126049805051
OFF-PA-10002333,15.552,0.9998193749588158
OFF-AR-10001130,15.469999999999999,0.9998261092415107
OFF-PA-10002109,15.232,0.9998327399198563
OFF-AR-10002704,14.98,0.9998392608994793
OFF-LA-10004055,14.73,0.9998456730510045
OFF-AR-10001022,14.2,0.9998518544869622
OFF-SU-10003936,13.992,0.9998579453779426
TEC-PH-10003655,13.86,0.9998639788076873
OFF-AR-10000369,13.622,0.9998699086330828
TEC-AC-10003133,13.616,0.9998758358466039
OFF-FA-10002701,13.440000000000001,0.9998816864451442
OFF-FA-10001135,13.068000000000001,0.999887375107475
OFF-AP-10003914,13.0,0.9998930341685631
OFF-FA-10000840,12.996,0.9998986914884015
OFF-PA-10002001,12.96,0.9999043331369939
OFF-PA-10001661,11.952,0.9999095359906958
TEC-AC-10003433,11.682,0.999914621310052
OFF-LA-10004272,11.56,0.9999196535212965
OFF-PA-10003739,11.56,0.999924685732541
OFF-BI-10000494,11.484,0.9999296848600436
OFF-BI-10003784,11.088,0.9999345116038393
OFF-BI-10000831,10.824,0.9999392234251637
OFF-AR-10003958,10.496,0.9999437924640239
OFF-SU-10003002,10.08,0.999948180412929
OFF-AR-10004707,9.92,0.9999524987118517
OFF-AR-10004974,9.84,0.9999567821857829
OFF-AP-10002906,9.768,0.999961034317222
TEC-PH-10004875,9.588,0.9999652080924307
OFF-SU-10001212,9.568,0.9999693731613916
OFF-LA-10002473,9.216,0.9999733850003906
OFF-AR-10004272,8.4,0.9999770416244782
OFF-FA-10001754,8.096,0.9999805659135989
OFF-AR-10003477,8.04,0.9999840658252257
OFF-PA-10003919,7.968,0.9999875343943602
OFF-AR-10003986,7.7,0.999990886299774
OFF-EN-10001535,7.072,0.9999939648290059
OFF-PA-10000048,6.48,0.9999967856533022
OFF-LA-10003388,5.76,0.9999992930526764
OFF-AP-10002203,1.624,1.0
