customer_id,unique_purchase_days,median_gap_days
GR-14560,2,2.0
AS-10285,6,7.0
AG-10330,4,8.0
CD-12280,2,13.0
DO-13645,7,13.5
EP-13915,17,18.0
JW-15220,6,19.0
AG-10525,4,24.0
DL-13315,8,24.0
SC-20440,7,24.5
KD-16495,12,25.0
JK-15640,9,25.5
NB-18580,2,26.0
MA-17560,11,26.5
Dp-13240,11,33.5
JL-15850,6,34.0
JH-15430,4,35.0
LB-16795,8,36.0
CM-12190,6,36.0
AP-10915,10,37.0
SJ-20125,12,37.0
ML-17755,7,40.0
CC-12370,5,42.0
LH-17155,9,42.0
CC-12475,9,43.5
SC-20230,4,44.0
CM-12160,6,44.0
CY-12745,8,45.0
BB-11545,9,45.5
MS-17365,10,46.0
GM-14500,10,47.0
JD-15895,11,47.5
MH-18115,9,49.5
MR-17545,4,50.0
XP-21865,11,51.5
CM-12235,5,51.5
JG-15310,6,52.0
CL-12565,12,52.0
SH-19975,13,52.5
EH-13765,12,54.0
ZC-21910,13,54.0
CC-12430,10,54.0
PO-18850,11,55.5
LS-17200,6,56.0
KT-16465,7,56.0
LW-16990,6,56.0
FG-14260,7,56.5
RW-19540,7,57.0
RB-19465,12,57.0
KT-16480,10,57.0
CJ-12010,8,58.0
BW-11110,8,58.0
AH-10210,9,58.0
CS-11860,6,59.0
AH-10690,12,59.0
TB-21250,7,59.5
TB-21520,9,59.5
JD-16015,6,60.0
MC-17275,8,61.0
FH-14275,10,61.0
JM-15580,5,61.0
RB-19360,6,62.0
FM-14215,10,62.0
BM-11650,11,62.0
BD-11770,6,62.0
BD-11320,12,62.0
TB-21280,6,63.0
DB-13210,10,63.0
TP-21130,9,63.5
JJ-15760,2,64.0
RP-19390,12,64.0
PK-19075,12,64.0
TH-21550,7,64.0
SF-20965,9,64.5
AT-10735,10,65.0
BD-11725,6,65.0
PG-18820,13,65.0
NM-18520,10,65.0
EA-14035,13,65.5
MO-17800,8,66.0
KE-16420,8,66.0
MM-18055,8,68.0
DC-12850,9,68.0
LS-16975,9,68.0
KB-16315,9,69.0
TC-21295,8,69.0
SW-20455,7,69.5
ON-18715,9,70.0
TS-21610,7,71.0
HG-14965,12,71.0
TP-21565,4,71.0
KN-16390,9,71.5
MG-17650,7,72.0
EM-13960,4,72.0
TM-21490,3,72.5
MD-17860,5,73.0
CS-12355,10,73.0
JC-15775,9,73.0
PS-19045,7,74.0
HW-14935,8,74.0
ME-17320,10,74.0
NS-18640,12,74.0
JA-15970,8,74.0
BT-11485,2,75.0
LC-16930,8,75.0
NC-18535,7,76.0
TS-21505,6,77.0
DL-13495,8,77.0
SC-20695,10,77.0
AF-10870,7,77.5
MB-17305,10,78.0
CV-12805,9,78.0
EB-13870,10,78.0
DJ-13510,8,78.0
KF-16285,7,78.0
GA-14725,11,78.5
CB-12415,8,79.0
RA-19285,9,79.5
JE-15745,13,79.5
PW-19240,7,79.5
GB-14530,11,80.0
JP-15520,7,80.5
SS-20590,6,81.0
AB-10165,8,81.0
AM-10705,8,82.0
CK-12595,11,82.0
SH-20395,10,82.0
DP-13390,9,82.5
JK-16120,10,83.0
AB-10105,10,83.0
GZ-14545,4,83.0
MP-17965,9,83.5
NZ-18565,9,83.5
ST-20530,7,84.0
NS-18505,4,84.0
JF-15490,11,84.5
JW-15955,7,84.5
MY-18295,11,84.5
EB-13750,10,85.0
CC-12220,12,85.0
CM-11815,6,85.0
CC-12550,3,85.5
BS-11365,5,86.0
CS-12250,12,86.0
NF-18595,7,86.0
MP-17470,7,86.0
SA-20830,10,87.0
WB-21850,11,87.0
SC-20305,7,87.0
SC-20260,8,87.0
PW-19030,10,87.0
JS-15880,5,87.5
HZ-14950,5,88.0
DR-12880,9,88.0
TH-21235,8,88.0
SP-20620,9,89.0
TD-20995,9,89.0
PO-19180,9,89.5
ES-14080,9,89.5
HA-14920,8,90.0
CC-12100,6,90.0
SJ-20500,5,90.0
BC-11125,9,90.5
FM-14380,9,91.0
NP-18700,7,91.5
LT-17110,8,92.0
KB-16585,12,92.0
KD-16270,5,92.5
RB-19645,5,92.5
KB-16240,6,93.0
BM-11140,4,93.0
PF-19225,5,93.0
AH-10075,10,93.0
LA-16780,11,93.0
PG-18895,9,93.5
BP-11095,12,94.0
PF-19120,4,94.0
NK-18490,7,94.5
SV-20935,8,95.0
PN-18775,8,95.0
DB-13555,7,95.0
RB-19435,8,95.0
TS-21205,7,95.0
DP-13105,8,95.0
JL-15835,11,95.5
CK-12205,13,96.0
SM-20950,12,96.0
JL-15505,6,96.0
RL-19615,8,96.0
ML-17395,9,97.5
SC-20380,9,97.5
JF-15355,6,98.0
AH-10120,7,98.0
AD-10180,8,98.0
SV-20365,10,99.0
KM-16720,8,99.0
SO-20335,6,99.0
ML-18040,3,100.0
SS-20410,6,100.0
SP-20860,10,100.0
DW-13585,7,100.0
DH-13075,6,100.0
TG-21310,5,100.5
LP-17095,7,100.5
SP-20650,9,100.5
JB-16000,7,100.5
TW-21025,7,100.5
TS-21655,5,101.0
DB-13405,4,101.0
KL-16645,12,101.0
LS-16945,6,102.0
BG-11035,8,102.0
BP-11155,6,102.0
KB-16600,7,102.5
MC-17845,7,102.5
RC-19960,6,103.0
DW-13540,5,103.0
TB-21055,5,103.0
BM-11785,10,103.0
MH-17785,7,103.5
JJ-15445,5,103.5
JF-15190,7,103.5
AR-10825,8,104.0
TM-21010,8,104.0
LL-16840,6,105.0
NB-18655,9,105.0
GM-14440,7,105.5
JP-16135,9,105.5
KL-16555,8,106.0
ED-13885,8,106.0
CA-12055,5,106.0
MM-17920,11,106.0
DK-13225,9,106.5
TC-21475,9,106.5
JR-16210,5,106.5
MH-17455,8,107.0
SS-20140,8,107.0
RD-19720,10,107.0
DK-13375,8,108.0
AP-10720,8,108.0
EM-13825,8,108.0
RD-19900,9,108.0
DH-13675,4,108.0
GH-14410,9,108.5
JK-15730,10,109.0
DB-13120,7,109.5
BO-11350,5,110.0
MM-18280,9,110.0
JM-15250,6,110.0
VW-21775,10,110.0
SV-20785,9,110.5
KW-16570,4,111.0
SC-20020,5,111.0
DN-13690,7,111.0
SC-20725,11,111.5
BP-11290,7,111.5
MS-17770,9,112.0
KH-16510,7,112.0
RS-19765,8,112.0
NH-18610,7,112.0
HL-15040,6,112.0
GM-14680,6,113.0
ML-17410,6,113.0
CA-12265,9,113.5
MY-17380,7,114.0
CH-12070,3,114.0
TS-21160,6,114.0
MC-18100,10,115.0
SG-20470,8,115.0
RD-19810,8,115.0
SF-20200,9,115.0
GZ-14470,9,115.5
EC-14050,5,115.5
EM-13810,5,116.0
DL-12865,8,116.0
CS-12490,4,116.0
MG-17890,9,117.0
TT-21460,7,117.0
JO-15550,5,117.5
HR-14830,7,117.5
KH-16630,9,117.5
CB-12535,8,118.0
DK-12835,12,118.0
LC-16885,12,118.0
RD-19585,9,118.0
MC-17575,8,118.0
CP-12340,8,119.0
NP-18325,6,119.0
JS-16030,6,119.0
RF-19345,8,119.0
FC-14245,7,119.0
RW-19690,5,119.0
RA-19915,9,119.0
GG-14650,9,119.5
SP-20545,6,120.0
CM-11935,2,120.0
RF-19840,8,121.0
HF-14995,7,121.5
DO-13435,9,121.5
SR-20425,5,121.5
SC-20095,9,122.0
MC-17605,8,123.0
MJ-17740,7,123.5
SZ-20035,11,124.5
RB-19570,5,124.5
CS-11950,11,124.5
AH-10030,7,124.5
FP-14320,8,125.0
YS-21880,8,125.0
BK-11260,6,125.0
HM-14860,9,125.0
AG-10900,10,125.0
JK-15625,7,125.5
BM-11575,6,126.0
JD-16150,8,126.0
LF-17185,7,126.0
SB-20185,6,126.0
RB-19705,4,126.0
GK-14620,9,127.0
NM-18445,7,127.0
RH-19510,6,127.0
FH-14350,4,127.0
AI-10855,10,127.0
SW-20275,6,128.0
VD-21670,6,128.0
BF-11170,11,128.0
SC-20770,7,128.5
BP-11185,8,129.0
LC-17140,8,129.0
PP-18955,10,129.0
VB-21745,6,129.0
JS-15940,5,129.5
NP-18685,6,130.0
DV-13045,5,130.0
RM-19375,6,130.0
AS-10090,9,130.5
TB-21355,5,132.0
AB-10060,8,132.0
EH-14125,10,133.0
MK-17905,8,133.0
LW-17215,7,133.5
SE-20110,11,133.5
TT-21220,8,134.0
DE-13255,5,134.0
JH-15910,7,134.0
SM-20005,4,134.0
DB-13660,7,134.0
RW-19630,9,134.0
TT-21070,7,136.0
SU-20665,7,136.0
JG-15160,10,136.0
JF-15565,8,136.0
BW-11200,5,136.5
RC-19825,6,137.0
DL-12925,6,137.0
SN-20710,7,137.0
AG-10495,8,137.0
AC-10615,5,137.5
JM-16195,10,138.0
BT-11680,7,138.0
PB-19150,8,138.0
DA-13450,4,138.0
IM-15070,7,138.5
EJ-14155,5,138.5
CL-12700,5,139.5
TB-21625,9,139.5
JB-15400,9,139.5
AS-10045,7,140.0
DK-12895,5,140.5
SC-20050,9,141.5
AB-10255,9,141.5
SL-20155,7,141.5
FM-14290,9,141.5
CB-12025,9,142.0
AC-10660,5,142.0
SD-20485,9,142.0
CM-12715,4,142.0
JM-15865,7,142.5
FA-14230,7,143.0
DM-13345,8,143.0
MF-17665,5,143.0
MS-17980,6,143.0
JE-15715,9,143.0
DB-13615,7,143.5
JR-15670,2,144.0
AG-10675,7,144.0
JC-16105,5,144.5
RB-19795,8,145.0
CA-12775,7,145.0
CG-12040,6,146.0
FC-14335,7,146.5
BP-11050,5,146.5
SJ-20215,6,147.0
TS-21370,6,147.0
RR-19525,6,148.0
FO-14305,10,148.0
QJ-19255,9,148.5
BS-11755,7,148.5
NF-18385,7,149.5
FH-14365,8,150.0
KH-16330,8,151.0
JW-16075,4,151.0
JS-15685,4,152.0
CS-12400,9,152.0
MK-18160,4,152.0
MD-17350,7,152.5
KD-16615,5,153.0
CS-12460,2,153.0
PJ-19015,7,153.5
TR-21325,5,153.5
MP-18175,9,153.5
KC-16255,6,154.0
MM-17260,4,154.0
BE-11335,5,154.0
ME-17725,8,154.0
VF-21715,5,154.0
HK-14890,8,154.0
RO-19780,7,154.5
BE-11410,5,154.5
ME-18010,4,155.0
LH-16900,9,155.0
MT-17815,6,155.0
DR-12940,8,155.0
KD-16345,6,155.0
BH-11710,8,155.0
VG-21805,5,155.5
VM-21685,7,156.0
MB-18085,7,156.0
DS-13180,9,156.0
DB-13060,7,156.5
AA-10375,9,156.5
KM-16225,6,157.0
TB-21400,7,157.0
EH-13945,8,157.0
CR-12580,4,158.0
LS-17245,6,158.0
MV-17485,9,158.5
EB-13705,9,158.5
LC-16870,8,159.0
GT-14710,10,159.0
CC-12610,7,159.0
EH-14005,7,159.0
ER-13855,3,159.5
BF-11020,8,160.0
VG-21790,6,160.0
JD-15790,5,160.0
JH-16180,4,160.0
SF-20065,7,160.0
NW-18400,7,160.5
AJ-10780,7,161.0
TC-20980,5,161.0
DB-12910,8,161.0
GA-14515,8,162.0
HA-14905,7,162.5
CP-12085,8,163.0
JH-15820,6,163.0
MF-18250,5,164.0
AS-10630,7,164.0
AW-10930,7,164.5
DP-13000,9,165.0
HJ-14875,5,166.0
BV-11245,5,166.0
RM-19675,5,167.0
TC-21535,7,167.5
LD-17005,4,168.0
DW-13195,6,168.0
BF-10975,7,168.0
RD-19480,8,170.0
MS-17710,6,170.0
KM-16375,8,170.0
VP-21760,7,170.5
CK-12760,9,171.5
TS-21430,5,172.0
BT-11440,4,172.0
BT-11395,6,172.0
RF-19735,7,173.0
DM-12955,7,173.0
CD-11980,3,173.5
BE-11455,5,174.5
EG-13900,5,174.5
DK-13090,7,174.5
TN-21040,7,174.5
DJ-13420,4,175.0
SW-20245,7,175.0
PO-18865,7,176.5
SC-20800,4,177.0
CS-12175,5,177.0
DS-13030,4,177.0
TP-21415,5,177.0
NG-18430,5,177.0
PJ-18835,7,177.5
CC-12670,7,178.5
EN-13780,4,179.0
CV-12295,5,180.0
MC-17425,5,181.5
NC-18625,5,181.5
LH-17020,4,182.0
LO-17170,5,182.5
JE-15475,6,184.0
CM-12115,4,185.0
AR-10405,5,185.0
JE-16165,3,185.0
JO-15145,9,186.0
AC-10450,7,186.5
HG-15025,7,186.5
AH-10465,5,187.0
JM-15655,5,187.5
EH-13990,6,188.0
DB-12970,5,188.5
MC-17590,6,189.0
RH-19600,3,189.0
AS-10240,7,189.5
KW-16435,5,189.5
DB-13270,8,190.0
Co-12640,5,190.0
CT-11995,8,190.0
RD-19660,5,190.5
CL-11890,4,191.0
JB-15925,3,192.0
LP-17080,4,193.0
ND-18370,9,193.0
SK-19990,3,194.5
MW-18220,7,197.0
PS-18970,8,197.0
JP-15460,7,197.5
MH-17290,6,198.0
TH-21100,5,198.0
NR-18550,5,198.5
GW-14605,7,199.0
JF-15295,5,199.0
CS-11845,5,199.5
SP-20920,6,200.0
ZD-21925,5,201.0
SR-20740,8,203.0
LE-16810,6,203.0
JF-15415,6,203.0
PS-18760,6,204.0
KA-16525,7,204.0
HM-14980,4,205.0
RH-19495,5,205.0
KH-16690,7,207.0
DC-13285,5,207.0
MC-18130,5,207.0
BD-11620,6,207.0
CC-12145,7,207.0
JE-15610,7,207.5
SB-20290,7,208.0
AG-10390,5,208.5
CW-11905,6,209.0
IL-15100,7,209.5
DM-13015,7,210.0
DW-13480,5,211.0
EB-14110,6,213.0
TA-21385,4,214.0
LW-16825,5,214.5
EB-13930,5,215.0
HE-14800,4,215.0
SN-20560,6,216.0
RS-19420,5,216.0
RE-19450,5,216.0
AJ-10795,7,216.0
JG-15115,3,219.0
PF-19165,6,220.0
BG-11740,6,223.0
JG-15805,6,223.0
MZ-17515,6,224.0
RP-19855,8,225.0
ND-18460,6,225.0
AR-10540,6,225.0
NP-18670,5,225.5
KN-16450,5,226.5
OT-18730,5,227.5
CM-12655,6,229.0
AW-10840,4,230.0
AA-10645,6,230.0
EM-14140,6,231.0
TT-21265,3,231.0
AA-10480,4,232.0
MA-17995,6,232.0
AJ-10945,7,233.0
JM-15535,7,233.5
SW-20350,3,234.0
CG-12520,3,234.5
LM-17065,5,235.0
PR-18880,5,235.0
LB-16735,3,237.5
PV-18985,5,237.5
RH-19555,2,238.0
NC-18415,6,238.0
JL-15130,6,238.0
BD-11605,7,238.0
NG-18355,5,239.0
BG-11695,6,239.0
KN-16705,8,240.0
DB-13360,5,240.0
DF-13135,3,241.5
DK-12985,5,241.5
LC-16960,4,242.0
CA-11965,6,242.0
LR-16915,6,243.0
AS-10225,5,243.5
RA-19885,7,244.0
BT-11305,5,244.5
TS-21340,5,245.5
EB-13975,4,246.0
JK-15370,8,246.0
GB-14575,5,246.0
KH-16360,6,247.0
CC-12685,4,248.0
RA-19945,5,249.0
EB-13840,5,249.0
AH-10195,4,249.0
MZ-17335,4,249.0
MV-18190,7,250.0
AT-10435,6,251.0
VM-21835,5,251.5
SC-20680,6,252.0
RP-19270,4,252.0
CS-12130,4,252.0
AM-10360,5,252.0
JB-16045,5,252.5
DD-13570,6,253.0
AR-10345,4,254.0
CK-12325,5,255.5
YC-21895,5,256.0
NC-18340,5,256.0
HP-14815,7,256.5
JL-15235,5,257.5
JO-15280,6,259.0
EH-14185,6,260.0
Dl-13600,5,260.0
EB-14170,6,261.0
GM-14455,6,264.0
GD-14590,4,265.0
AG-10765,4,265.0
JH-15985,6,265.0
BN-11470,4,267.0
SC-20575,5,268.0
JC-15340,4,268.0
TB-21595,5,268.5
AZ-10750,6,269.0
NF-18475,4,271.0
MN-17935,6,271.0
MG-17695,3,272.5
MH-17620,4,273.0
DG-13300,5,273.0
DV-13465,6,274.0
SS-20875,5,274.5
BS-11590,6,275.0
AA-10315,5,276.0
BF-11215,4,277.0
AG-10270,5,277.0
JL-15175,5,278.0
HD-14785,3,280.0
SC-20845,2,283.0
SG-20605,6,284.0
AB-10600,4,285.0
PL-18925,5,286.5
CD-11920,5,288.0
BB-10990,5,288.5
PA-19060,6,289.0
EM-14200,3,291.5
KM-16660,5,292.0
PM-19135,4,294.0
AH-10585,4,294.0
EM-14065,4,295.0
RD-19930,4,295.0
NL-18310,4,298.0
CD-12790,5,298.0
MS-17830,4,302.0
MT-18070,4,303.0
BD-11500,6,303.0
VT-21700,2,303.0
EM-14095,4,305.0
BT-11530,5,306.0
MH-18025,5,306.0
BS-11380,5,309.0
DP-13165,2,312.0
JM-15265,5,313.0
KC-16540,4,314.0
ES-14020,5,315.0
MH-17440,4,315.0
PT-19090,4,319.0
EJ-13720,4,323.0
SM-20320,5,323.5
CM-12385,4,324.0
FW-14395,3,326.0
KB-16405,3,327.0
BN-11515,5,327.0
GT-14755,4,330.0
LR-17035,5,332.5
TB-21190,4,335.0
LS-17230,3,338.5
SV-20815,4,340.0
CS-12505,6,342.0
PO-19195,5,342.5
SH-20635,2,345.0
MS-17530,4,348.0
AB-10150,5,348.5
BS-11665,3,352.0
HG-14845,5,352.5
JK-15205,5,355.0
MG-17875,5,357.0
BP-11230,5,358.0
AY-10555,4,363.0
KC-16675,4,363.0
LC-17050,5,366.5
DJ-13630,3,367.5
AS-10135,2,371.0
DL-13330,4,371.0
PB-18805,3,373.0
MO-17500,4,380.0
AG-10300,4,382.0
SS-20515,3,387.0
RK-19300,3,387.5
MG-17680,4,388.0
TZ-21580,4,388.0
HR-14770,5,389.0
SG-20080,3,391.5
RR-19315,2,392.0
KS-16300,3,393.5
AF-10885,4,394.0
PC-18745,4,396.0
DM-13525,3,396.5
AR-10510,5,410.0
CR-12730,4,417.0
JS-15595,4,418.0
CR-12625,3,419.0
JK-15325,3,424.0
GH-14485,2,427.0
CM-12445,3,432.0
TG-21640,4,435.0
IG-15085,4,435.0
VP-21730,3,439.5
PB-19210,2,445.0
MC-17635,4,445.0
JD-16060,3,446.5
PM-18940,3,475.0
JK-16090,3,478.0
PC-19000,2,480.0
TB-21175,4,480.0
BF-11005,4,481.0
TH-21115,4,482.0
PB-19105,4,491.0
CR-12820,3,493.0
AB-10015,3,498.0
LW-17125,3,500.5
VS-21820,4,501.0
IM-15055,3,514.0
AC-10420,3,517.5
LH-16750,3,522.5
MG-18145,4,523.0
CA-12310,4,533.0
GH-14425,4,537.0
TS-21085,2,538.0
EL-13735,2,540.0
SB-20170,3,551.0
BW-11065,3,551.5
BF-11080,3,551.5
RS-19870,2,552.0
BS-11800,2,561.0
AJ-10960,3,564.5
SG-20890,3,572.5
BD-11635,3,586.5
LT-16765,3,595.0
GP-14740,2,599.0
SW-20755,2,620.0
EK-13795,4,621.0
GT-14635,3,623.5
GM-14695,3,624.0
BF-11275,3,661.0
BD-11560,2,667.0
BO-11425,2,767.0
GH-14665,2,772.0
MO-17950,2,823.0
ML-18265,2,844.0
PK-18910,2,883.0
RB-19330,2,1071.0
DK-13150,2,1111.0
HH-15010,2,1147.0
MW-18235,2,1275.0
