dimension,brand_a,brand_b,brand_c,opportunity
Service pages,Strong,Medium,Strong,Build deeper intent-matched pages
Blog depth,Medium,Strong,Low,Create consistent expert content
Local pages,Low,Medium,Strong,Build location-specific pages only where legitimate
Internal linking,Medium,Strong,Medium,Create topic hubs
FAQ coverage,Low,Medium,Medium,Add useful search-intent FAQs
Schema,Medium,Medium,Strong,Validate relevant structured data
Backlink profile,Strong,Medium,Strong,Focus on earned relevant links
Page speed,Medium,Low,Medium,Prioritize performance advantage
CTA clarity,Low,Medium,Strong,Use clearer conversion paths
Content freshness,Low,Strong,Medium,Schedule updates
