region,state,sales,profit,regional_rank
Central,Texas,170188.0458,-25729.3563,1
Central,Illinois,80166.101,-12607.887,2
Central,Michigan,76269.614,24463.1876,3
Central,Indiana,53555.36,18382.9363,4
Central,Wisconsin,32114.61,8401.8004,5
Central,Minnesota,29863.15,10823.187399999999,6
Central,Missouri,22205.15,6436.2105,7
Central,Oklahoma,19683.39,4853.956,8
Central,Nebraska,7464.93,2037.0942,9
Central,Iowa,4579.76,1183.8119,10
Central,Kansas,2914.31,836.4435,11
Central,South Dakota,1315.56,394.8283,12
Central,North Dakota,919.91,230.1497,13
East,New York,310876.271,74038.5486,1
East,Pennsylvania,116511.914,-15559.9603,2
East,Ohio,78258.136,-16971.3766,3
East,New Jersey,35764.312,9772.9138,4
East,Massachusetts,28634.434,6785.5016,5
East,Delaware,27451.069,9977.3748,6
East,Maryland,23705.523,7031.1788,7
East,Rhode Island,22627.956,7285.6293,8
East,Connecticut,13384.357,3511.4918,9
East,Vermont,8929.369999999999,2244.9782999999998,10
East,New Hampshire,7292.524,1706.5028,11
East,District of Columbia,2865.02,1059.5893,12
East,Maine,1270.53,454.4862,13
East,West Virginia,1209.824,185.92159999999998,14
South,Florida,89473.708,-3399.3017,1
South,Virginia,70636.72,18597.9504,2
South,North Carolina,55603.164,-7490.912200000001,3
South,Georgia,49095.84,16250.0433,4
South,Kentucky,36591.75,11199.6966,5
South,Tennessee,30661.873,-5341.6936,6
South,Alabama,19510.64,5786.8253,7
South,Arkansas,11678.13,4008.6871,8
South,Mississippi,10771.34,3172.9762,9
South,Louisiana,9217.03,2196.1023,10
South,South Carolina,8481.71,1769.0566,11
West,California,457687.6315,76381.3871,1
West,Washington,138641.27,33402.6517,2
West,Arizona,35282.001000000004,-3427.9246,3
West,Colorado,32108.118,-6527.8579,4
West,Oregon,17431.15,-1190.4705,5
West,Nevada,16729.102,3316.7659,6
West,Utah,11220.056,2546.5335,7
West,Montana,5589.352,1833.3285,8
West,New Mexico,4783.522,1157.1161,9
West,Idaho,4382.486,826.7231,10
West,Wyoming,1603.136,100.196,11
