sub_category,discount_band,sales,profit,loss_line_rate
Accessories,0–20%,49010.008,6647.3818,0.2993421052631579
Accessories,No discount,118370.31,35289.2539,0.0
Appliances,0–20%,26083.437,3583.9105,0.0
Appliances,Above 40%,3382.534,-8629.6412,1.0
Appliances,No discount,78066.19,23183.7361,0.0
Art,0–20%,9104.152,1147.1864,0.0
Art,No discount,18014.64,5380.6006,0.0
Binders,0–20%,85442.64,29417.809,0.0
Binders,Above 40%,36140.613,-38510.4964,1.0
Binders,No discount,81829.48,39314.4507,0.0
Bookcases,0–20%,54400.0175,1549.4937,0.40816326530612246
Bookcases,20–40%,18776.1568,-2947.0103,0.972972972972973
Bookcases,Above 40%,9767.842,-8150.7511,1.0
Bookcases,No discount,31935.98,6075.7117,0.0
Chairs,0–20%,167382.871,11394.1869,0.2668711656441718
Chairs,20–40%,70005.502,-6737.1167,0.9367088607594937
Chairs,No discount,91060.73,21933.0961,0.0
Copiers,0–20%,56159.048,17878.7148,0.0
Copiers,20–40%,16919.802,2182.9752,0.0
Copiers,No discount,76449.18,35556.1349,0.0
Envelopes,0–20%,5869.952,1987.1923,0.0
Envelopes,No discount,10606.45,4976.9844,0.0
Fasteners,0–20%,1201.44,297.313,0.1348314606741573
Fasteners,No discount,1822.84,652.2052,0.0
Furnishings,0–20%,23610.664,2155.8299,0.11693548387096774
Furnishings,Above 40%,6644.7,-5944.6552,1.0
Furnishings,No discount,61449.8,16847.9689,0.0
Labels,0–20%,3246.752,1124.158,0.0
Labels,No discount,9239.56,4422.0960000000005,0.0
Machines,0–20%,41365.523,5802.2867,0.0
Machines,20–40%,23302.529,-2340.8039,0.5
Machines,Above 40%,53536.579,-27214.5482,1.0
Machines,No discount,71034.0,27137.8223,0.0
Paper,0–20%,25321.336,8724.1016,0.0
Paper,No discount,53157.87,25329.4677,0.0
Phones,0–20%,171789.992,16536.3067,0.08315565031982942
Phones,20–40%,34337.352,-6385.7854,0.8899082568807339
Phones,No discount,123879.71,34365.2093,0.0
Storage,0–20%,65989.848,-4249.3451,0.509493670886076
Storage,No discount,157853.76,25528.1715,0.0
Supplies,0–20%,15114.328,-2907.4937,0.4520547945205479
Supplies,No discount,31559.21,1718.3942,0.0
Tables,0–20%,45430.231999999996,-303.558,0.43661971830985913
Tables,20–40%,70796.556,-19589.7244,0.9689922480620154
Tables,Above 40%,19159.984,-11108.4984,1.0
Tables,No discount,71578.76,13276.2997,0.0
