dimension,sales,profit,quantity,margin
2014Q1,74447.796,3811.229,1028,0.051193308664235
2014Q2,86538.7596,11204.0692,1523,0.12946879816382298
2014Q3,143633.2123,12804.7218,2159,0.08914875323720653
2014Q4,179627.7302,21723.9541,2871,0.12093875525684286
2015Q1,68851.7386,9264.9416,990,0.13456365501277262
2015Q2,89124.187,12190.9224,1604,0.1367857908201732
2015Q3,130259.5752,16853.6194,2241,0.1293848791854497
2015Q4,182297.0082,23309.1203,3144,0.1278634275469146
2016Q1,93237.181,11441.3708,1243,0.12271253460569556
2016Q2,136082.301,16390.3394,2240,0.1204443140625613
2016Q3,143787.3622,15823.6048,2767,0.11004864793326043
2016Q4,236098.7538,38139.859300000004,3587,0.1615419763388857
2017Q1,123144.8602,23506.2026,1845,0.19088253104371142
2017Q2,133764.372,15499.2085,2551,0.11586948204713285
2017Q3,196251.956,26985.1325,3384,0.13750248940194001
2017Q4,280054.067,27448.726,4696,0.09801223847250895
