order_id,date,region,category,product,units,unit_price,discount,customer_id
O001,2026-01-03,East,Electronics,Earbuds,2,1499,0.1,C101
O002,2026-01-05,West,Office,Chair,1,5499,0.05,C102
O003,2026-01-10,North,Home,Mixer,3,2299,0.15,C103
O004,2026-02-02,South,Electronics,Power Bank,4,999,0.0,C104
O005,2026-02-14,East,Office,Desk,1,8999,0.12,C105
O006,2026-03-01,West,Home,Lamp,5,799,0.05,C101
O007,2026-03-11,North,Electronics,Keyboard,2,1899,0.08,C106
O008,2026-03-19,South,Office,Notebook,12,149,0.0,C107
O009,2026-04-04,East,Home,Cookware,2,3199,0.1,C103
O010,2026-04-22,West,Electronics,Monitor,1,12999,0.07,C108
