customer_id,orders,observed_sales,observed_profit,first_order,last_order
SM-20320,5,25043.05,-1980.7393000000002,2014-03-18,2017-10-12
TC-20980,5,19052.218,8981.323900000001,2014-11-07,2016-11-26
RB-19360,6,15117.339,6976.0959,2016-04-01,2017-09-25
TA-21385,4,14595.62,4703.7883,2014-09-12,2017-10-22
AB-10105,10,14473.571,5444.8054999999995,2014-12-20,2017-11-19
KL-16645,12,14175.229,806.8549999999999,2014-07-25,2017-11-13
SC-20095,9,14142.334,5757.411899999999,2014-02-12,2017-01-15
HL-15040,6,12873.297999999999,5622.4292,2014-01-20,2017-11-17
SE-20110,11,12209.438,2650.6769,2014-04-11,2017-12-21
CC-12370,5,12129.072,2177.0492999999997,2016-05-23,2017-11-17
TS-21370,6,11891.751,2371.7144000000003,2014-10-28,2017-11-24
GT-14710,11,11820.12,2163.4269,2014-05-23,2017-11-24
BM-11140,4,11789.630000000001,-1659.9581,2014-09-08,2017-02-26
SV-20365,10,11470.95,1199.4242,2014-01-11,2017-09-20
CJ-12010,8,11164.974,858.7414,2016-03-10,2017-06-24
CL-12565,12,10880.546,1933.7831,2014-03-04,2017-03-21
ME-17320,10,10663.728000000001,1859.4695,2014-01-06,2017-11-18
KF-16285,7,10604.266,1660.1386,2014-09-26,2017-09-24
BS-11365,5,10501.653,2616.0644,2014-05-04,2016-06-20
EH-13765,12,10310.880000000001,1393.5154,2014-04-12,2017-08-17
JL-15835,11,9799.923,228.90699999999998,2014-04-18,2017-12-09
GT-14635,3,9351.212,-4108.6589,2014-06-06,2017-11-04
HW-14935,8,9300.254,2164.1611,2015-09-27,2017-09-04
TB-21400,7,9133.99,2798.3689,2014-01-21,2017-06-11
PF-19120,4,9062.864,-614.2943,2014-05-05,2015-09-17
CM-12385,4,8954.02,3899.8903999999998,2015-03-16,2017-11-23
JD-16150,8,8828.0305,1619.5199,2014-11-16,2017-11-19
JE-15715,10,8697.843,1262.2926,2014-08-25,2017-11-14
LA-16780,11,8673.222,2059.1199,2014-04-29,2017-07-29
PK-19075,12,8646.934,2038.2676000000001,2014-11-11,2017-12-21
DR-12940,8,8350.868,2869.076,2014-03-28,2017-11-10
NF-18385,7,8322.826,-1695.9714,2014-02-11,2017-10-12
KD-16270,5,8282.358,1107.6952,2014-11-11,2016-09-02
NC-18535,7,8241.739,1314.758,2014-07-23,2017-12-24
HM-14860,10,8236.7648,2437.9836,2014-07-21,2017-12-28
KD-16495,12,8181.256,3038.6254,2014-09-28,2017-09-09
SB-20290,7,8057.891,-2082.7451,2014-05-09,2017-11-13
ZC-21910,13,8025.707,-1032.1490000000001,2014-10-13,2017-11-06
JH-15985,6,7954.9980000000005,-644.6982,2014-08-09,2017-12-01
NP-18700,7,7903.1825,631.2282,2014-09-05,2017-08-14
AH-10690,12,7888.294,1298.0166,2014-04-02,2016-11-15
AB-10060,8,7755.62,2054.5885,2015-09-18,2017-11-06
JE-15610,7,7754.976,1623.4019,2014-10-14,2017-11-12
JW-15220,6,7721.714,2173.7093999999997,2015-04-30,2017-11-18
LC-16885,12,7663.126,1288.3469,2014-04-25,2017-12-14
JM-15865,7,7625.076,1574.6163999999999,2014-11-19,2017-09-12
JD-15895,11,7610.8640000000005,1050.2667999999999,2014-03-26,2016-12-01
PO-18850,11,7473.8282,38.4757,2014-11-02,2017-12-26
MS-17365,10,7443.6900000000005,844.9354999999999,2014-09-09,2017-04-01
RW-19540,7,7397.401,1586.6273,2015-02-03,2017-09-01
BM-11650,11,7294.185,2199.2781,2014-07-09,2017-11-27
PP-18955,10,7252.608,1495.0854,2014-08-26,2017-09-24
NW-18400,7,7234.014,1023.1229999999999,2014-06-21,2017-07-11
Dp-13240,11,7198.761,333.36479999999995,2014-05-26,2017-10-07
FH-14365,8,6987.196,2050.2826,2014-10-20,2017-12-25
RH-19510,6,6979.18,1289.4535,2014-11-16,2016-09-19
PS-19045,7,6843.634,1742.7296999999999,2014-12-20,2017-05-08
BB-11545,9,6765.728,1015.0749999999999,2015-06-05,2017-12-02
JE-15745,13,6760.815,221.7967,2014-06-22,2017-11-09
YS-21880,8,6720.4439999999995,1778.2923,2015-01-12,2017-12-21
AR-10540,6,6608.448,2884.6207999999997,2014-11-25,2017-12-24
DR-12880,9,6528.034,1641.8613,2015-09-25,2017-12-27
GK-14620,9,6497.27,1448.5525,2014-06-25,2017-09-09
JA-15970,8,6491.026,-819.4217,2014-09-17,2017-09-29
NM-18445,7,6459.344,2751.6849,2014-02-08,2017-07-23
VD-21670,6,6442.254,1617.7874,2014-08-04,2016-05-28
SB-20185,6,6410.996,885.4624,2014-09-20,2017-06-25
JG-15160,11,6366.392,1415.6664,2014-05-30,2017-12-29
DM-13015,7,6345.103,1677.3931,2014-09-14,2017-11-03
CM-12655,6,6339.5576,1572.4585,2015-03-19,2017-12-03
MJ-17740,7,6320.746,1054.5529,2015-06-09,2017-12-08
BH-11710,8,6255.351,802.7898,2014-06-09,2017-12-07
RL-19615,8,6234.91,488.14840000000004,2014-12-05,2017-08-31
WB-21850,11,6160.102,714.3311,2014-11-04,2017-12-10
VW-21775,10,6134.0380000000005,-874.6645,2014-05-11,2017-12-02
SD-20485,9,6121.114,1985.1671999999999,2014-01-26,2017-06-13
QJ-19255,9,6108.338,1203.6768,2014-03-17,2017-12-05
AD-10180,8,6106.88,1869.9294,2014-11-19,2017-12-01
CB-12025,10,6076.139,150.2089,2014-03-21,2017-11-13
GM-14695,3,6049.966,188.7235,2014-04-05,2017-09-04
SC-20380,9,5992.536,236.66149999999996,2014-03-01,2017-11-30
KH-16690,7,5990.799,1227.5091,2014-03-21,2017-12-28
RM-19675,5,5979.0960000000005,1902.5438,2014-11-14,2017-12-24
KH-16510,7,5952.859,656.1162,2014-08-15,2017-12-08
BF-11170,11,5907.972,1538.2127,2014-04-13,2017-12-14
CP-12340,8,5888.275,-1850.3029000000001,2014-03-17,2017-07-23
BD-11320,12,5718.521,1094.5037,2015-05-31,2017-11-27
CS-12505,6,5690.054999999999,-6626.3895,2014-03-26,2017-11-02
AM-10705,8,5664.022,1085.7326,2014-10-31,2017-07-21
RB-19795,8,5633.316,-461.7332,2014-06-03,2017-11-28
KM-16375,8,5620.186,973.7901999999999,2014-07-20,2017-11-04
AA-10315,5,5563.56,-362.88250000000005,2014-03-31,2017-06-29
SM-20950,12,5563.392,581.5742,2014-09-29,2017-12-05
NP-18325,6,5529.62,1208.8890000000001,2014-05-13,2017-12-05
AC-10450,7,5527.846,1366.0098,2014-10-31,2017-12-19
MH-18115,9,5503.093,170.97460000000004,2016-08-23,2017-12-25
DP-13390,9,5480.723999999999,1571.8318000000002,2014-07-05,2017-01-06
EP-13915,17,5478.0608,144.95780000000002,2014-07-06,2017-12-18
YC-21895,5,5454.35,1305.629,2014-11-17,2017-12-26
SP-20620,9,5440.319,-270.42819999999995,2014-09-08,2017-11-13
LW-17215,7,5420.514,837.2411000000001,2014-09-12,2017-12-09
CP-12085,8,5402.254,427.0258,2014-12-04,2017-10-09
TS-21205,7,5371.09,862.8877,2014-03-21,2017-06-15
TT-21460,7,5364.808,1124.4999,2015-12-08,2017-12-18
MW-18220,7,5341.900000000001,1238.422,2014-08-25,2017-12-13
TP-21415,5,5329.0048,-1087.3898,2015-11-28,2017-09-17
TW-21025,7,5278.826,737.3905,2014-12-22,2017-10-27
DW-13480,5,5271.628,1348.7556,2014-06-01,2017-05-27
MW-18235,2,5253.876,1665.516,2014-05-21,2017-11-16
HR-14830,7,5248.787,1196.9504,2014-11-24,2017-07-24
SC-20725,11,5226.21,1276.6513,2014-06-03,2017-06-26
RP-19390,12,5153.084,465.2503000000001,2014-05-24,2017-11-27
LR-16915,6,5142.892,535.4764,2014-08-08,2017-12-04
MP-18175,9,5087.92,226.45290000000003,2014-03-28,2017-12-14
AA-10645,6,5086.935,857.8033,2014-06-22,2017-11-05
IL-15100,7,5040.736,1121.937,2014-08-01,2017-08-10
KL-16555,8,5016.488,-182.78130000000002,2014-06-15,2017-12-14
LB-16795,8,4985.676,-52.190999999999995,2014-04-23,2017-07-31
DH-13075,6,4932.872,1193.7404000000001,2014-11-21,2017-03-28
IM-15070,7,4930.474,514.6527,2014-12-19,2016-12-05
TT-21070,7,4915.602,751.9567,2014-05-18,2017-11-29
KM-16720,8,4909.472,745.7685,2014-03-30,2017-12-02
PO-19180,9,4893.043,1155.4331,2015-08-11,2017-07-23
HK-14890,8,4877.784,956.9451,2014-06-10,2017-08-01
AJ-10780,7,4867.344,150.71300000000002,2014-01-10,2017-10-16
JK-15730,10,4867.2,55.048300000000005,2014-11-18,2017-10-07
AH-10210,9,4805.344,1308.5546,2014-11-29,2017-12-24
DK-13225,9,4802.394,209.8994,2014-03-14,2017-12-20
RA-19915,9,4793.543,304.8673,2014-06-30,2017-12-18
SA-20830,10,4767.3415,610.1496000000001,2014-02-22,2017-10-28
JK-15640,9,4760.434,1172.5303,2014-09-19,2017-07-03
BW-11110,8,4750.358,921.2574,2015-03-20,2017-08-31
TB-21520,9,4737.486,-1603.0451,2014-10-17,2017-09-14
GB-14575,5,4716.288,1135.8393,2015-06-12,2017-12-17
RB-19465,12,4715.466,640.5466,2014-03-14,2017-12-21
ES-14080,9,4657.924,246.6661,2014-10-02,2017-12-02
DB-13270,8,4655.897,841.8263999999999,2014-02-04,2017-11-07
KT-16480,10,4642.088400000001,194.0671,2014-03-10,2017-09-21
SC-20050,9,4624.572,1011.7443,2014-03-18,2017-11-20
EM-14140,6,4588.436,1319.3655,2014-07-19,2017-11-12
DB-13060,7,4531.646,473.02720000000005,2014-03-01,2017-12-14
AR-10825,8,4523.336,494.8352,2014-06-30,2017-11-02
AG-10900,10,4510.7970000000005,343.68240000000003,2014-07-23,2017-09-25
AJ-10795,7,4501.391,1158.7064,2014-05-14,2017-07-17
LC-16930,8,4492.946,288.266,2014-02-20,2017-11-19
SC-20770,7,4492.657,-671.1874,2015-06-20,2017-11-19
TP-21130,9,4454.0560000000005,1129.1261,2015-04-14,2017-12-22
MC-17425,5,4432.138,1802.3903,2014-05-30,2016-11-26
JK-15205,5,4427.142,1219.983,2014-07-11,2017-10-30
KW-16435,5,4416.52,1756.135,2015-08-24,2017-09-25
BD-11500,6,4411.2429999999995,1142.1225,2014-02-01,2017-11-25
AI-10855,10,4375.786,867.7271000000001,2014-04-28,2017-12-17
SC-20230,4,4371.958,440.141,2016-06-06,2017-08-03
EB-13840,5,4358.128,656.1988,2014-05-30,2017-10-01
GZ-14470,9,4355.150000000001,1087.7539,2014-08-05,2017-12-23
SR-20740,8,4345.886,1990.4243999999999,2014-02-20,2017-06-17
ND-18370,9,4326.139,353.64549999999997,2014-01-13,2017-12-03
MA-17560,11,4299.161,1240.2266,2014-08-08,2017-10-27
SP-20860,10,4282.94,566.7226,2014-12-15,2017-10-12
DK-12895,5,4282.176,937.6496,2015-03-08,2017-11-15
RD-19480,8,4272.93,480.594,2014-06-08,2017-10-19
TC-21295,8,4266.812,606.3727,2014-10-14,2017-12-03
AS-10225,5,4260.784000000001,719.7751000000001,2014-10-18,2017-12-08
FH-14275,10,4256.272,1073.2676,2014-04-06,2017-11-23
CB-12535,8,4246.4555,1049.5601,2015-01-02,2017-06-16
TH-21550,7,4234.0960000000005,-571.9678000000001,2014-04-05,2017-10-19
BE-11335,5,4204.676,1487.7739000000001,2016-01-15,2017-09-02
JF-15565,8,4198.332,1073.2088,2014-10-11,2017-11-06
GH-14425,4,4172.8460000000005,1176.4181,2014-06-17,2017-11-10
RS-19765,8,4159.7699999999995,1206.3851,2014-04-07,2017-11-24
MY-18295,11,4152.696,-371.7111,2014-04-28,2017-10-20
PM-19135,4,4115.662,526.7537,2015-12-19,2017-11-09
SV-20785,9,4105.305,485.0272,2014-04-12,2017-02-13
DM-13345,8,4074.4719999999998,1319.0586,2014-11-03,2017-12-08
FP-14320,8,4046.746,406.44730000000004,2014-12-07,2017-12-07
SP-20920,6,3990.689,14.692400000000005,2014-11-22,2017-10-21
CM-12715,4,3984.4524,176.3108,2014-03-07,2015-03-01
MP-17965,9,3983.6420000000003,638.1563,2015-04-18,2017-10-19
SC-20305,7,3979.065,229.1617,2014-12-16,2017-12-01
SJ-20125,12,3949.656,144.1189,2015-09-22,2017-09-26
LF-17185,7,3930.509,-3583.977,2014-07-26,2017-12-08
PW-19240,7,3922.415,1290.354,2014-11-18,2016-09-22
GA-14515,8,3919.7760000000003,840.899,2014-05-18,2017-08-03
KH-16630,9,3918.966,727.3786,2014-11-01,2017-11-02
CC-12220,12,3913.418,393.9618,2014-09-09,2017-12-10
DB-13555,7,3908.8028,109.327,2014-04-21,2017-09-14
NP-18670,5,3908.402,514.6002,2015-02-27,2017-11-02
KC-16540,4,3908.2619999999997,709.4219,2015-11-02,2017-09-24
FC-14335,7,3889.366,714.2926,2014-10-10,2017-06-29
BS-11380,5,3887.834,-17.532200000000014,2014-11-29,2017-12-02
JS-15880,5,3868.02,564.9798,2014-04-08,2016-07-14
RA-19885,7,3832.3140000000003,1292.8656,2014-04-08,2017-11-17
AT-10735,10,3831.864,974.107,2014-08-30,2017-12-17
OT-18730,5,3818.624,-925.1203,2015-04-20,2017-10-26
RO-19780,7,3815.478,-1262.5716,2015-05-12,2017-11-25
MC-17845,7,3805.714,698.4174,2014-07-05,2017-12-29
MM-17920,11,3794.0800000000004,82.12500000000001,2014-01-13,2017-12-23
CA-11965,6,3789.7228,1143.3817,2014-01-26,2017-09-25
MG-17650,7,3785.276,341.898,2014-08-09,2017-12-01
MD-17350,7,3766.382,-241.95,2014-11-05,2017-09-04
JK-15625,7,3760.028,750.9485,2014-05-31,2017-10-30
JK-16090,3,3747.668,586.6625,2015-04-21,2017-12-02
FM-14290,9,3736.198,198.1095,2014-08-26,2017-11-24
SC-20260,8,3729.7929999999997,671.0033999999999,2014-04-06,2017-06-26
HG-15025,7,3690.284,804.6112999999999,2014-10-14,2017-12-24
BP-11185,9,3675.861,363.5991,2015-03-24,2017-12-29
LP-17095,7,3653.399,338.4454,2016-06-06,2017-12-21
CS-12400,9,3651.8585000000003,-342.8033,2014-09-26,2017-12-28
EB-13705,9,3644.978,13.621500000000012,2014-07-08,2017-11-12
JP-15520,7,3635.594,757.1802,2014-08-22,2017-12-22
SZ-20035,11,3625.329,366.4303,2014-09-07,2017-11-25
RH-19495,5,3621.376,563.7877,2014-08-23,2017-11-28
TB-21175,4,3589.296,829.1635,2014-12-08,2017-11-02
GM-14440,7,3582.8199999999997,347.266,2014-03-21,2017-10-08
DL-13495,8,3539.322,-52.78799999999999,2015-12-25,2017-10-15
ES-14020,5,3510.4579999999996,1003.2935,2014-09-20,2017-11-20
RW-19690,5,3495.646,707.5503,2016-05-30,2017-10-12
AG-10675,7,3489.0396,-246.4257,2015-05-07,2017-09-24
ED-13885,8,3484.92,670.4435000000001,2014-08-09,2017-08-17
PW-19030,10,3454.916,803.8169,2014-05-16,2017-11-14
SF-20200,9,3422.786,286.9046,2014-12-23,2017-11-01
FC-14245,7,3418.7419999999997,1217.1662,2015-06-13,2017-10-21
SH-19975,13,3406.8395,558.4739999999999,2014-12-10,2017-12-01
SG-20080,3,3406.5809999999997,570.438,2015-10-31,2017-12-22
TS-21655,5,3368.094,220.91629999999998,2015-02-06,2017-05-06
SC-20020,5,3362.9636,-317.0508,2014-03-03,2015-11-10
VP-21760,7,3360.526,-1018.7768,2014-09-06,2017-10-16
DJ-13630,3,3356.398,731.5644,2015-12-14,2017-12-18
DV-13465,6,3341.587,353.2127,2014-06-22,2017-12-01
SF-20965,9,3336.5350000000003,539.9352,2014-10-21,2017-11-12
DC-12850,9,3336.168,-1441.6313,2014-07-05,2017-11-23
AP-10915,10,3323.556,579.3113,2014-08-23,2017-09-23
DK-13375,8,3318.486,377.0799,2014-09-07,2017-12-11
KH-16330,8,3312.864,454.7871,2014-04-01,2017-11-20
RF-19345,8,3309.15,633.7072,2014-05-20,2016-12-05
RR-19525,6,3302.2619999999997,721.6826,2014-09-09,2017-07-13
BD-11605,7,3288.471,634.8463,2014-01-13,2017-09-24
BS-11665,3,3288.11,238.73680000000002,2014-06-23,2016-05-27
RW-19630,9,3279.746,698.8325,2014-06-28,2017-10-02
DL-12925,6,3272.2000000000003,4.213200000000022,2014-09-09,2017-11-03
DK-12835,12,3256.48,881.1228,2014-03-26,2017-12-09
AS-10090,9,3255.31,64.53739999999998,2014-09-22,2017-12-02
JO-15145,9,3254.949,581.4045,2014-01-06,2017-11-03
AH-10075,10,3250.337,281.189,2014-11-16,2017-11-26
HG-14965,12,3247.642,-2797.9635,2014-09-20,2017-12-07
LC-16960,4,3246.626,299.48019999999997,2015-02-23,2016-10-20
CT-11995,8,3241.898,161.22629999999998,2014-05-07,2017-09-25
EB-13750,10,3236.314,-80.286,2015-03-12,2017-11-25
SR-20425,5,3233.481,-3333.9144,2014-06-14,2017-12-22
LW-16990,6,3230.308,662.8339,2016-05-05,2017-11-27
RS-19420,5,3221.29,633.4514,2014-08-05,2017-10-15
AS-10285,6,3214.236,354.62760000000003,2016-05-21,2017-12-11
MP-17470,7,3206.132,600.2873,2014-03-30,2016-01-11
CS-12355,11,3202.1620000000003,831.9432,2014-08-15,2017-12-24
BT-11680,7,3196.752,447.7484,2014-11-28,2017-12-10
DG-13300,5,3195.818,562.7761,2014-11-01,2017-11-28
JL-15505,6,3173.874,591.7163,2014-11-14,2017-11-11
GM-14680,6,3163.628,35.4865,2014-05-10,2017-07-31
JM-15250,6,3159.122,19.82350000000003,2016-03-29,2017-11-23
CK-12205,13,3154.855,141.2831,2014-03-11,2017-11-21
KB-16240,7,3152.615,763.9076,2014-03-31,2017-12-26
MS-17770,9,3144.678,280.85839999999996,2014-07-04,2017-08-31
RD-19900,9,3133.924,455.5292,2014-04-05,2017-09-07
TN-21040,7,3130.221,-692.0452,2014-10-10,2017-10-01
SN-20710,7,3127.9592,481.74989999999997,2014-05-06,2017-10-12
SG-20605,6,3124.8320000000003,463.269,2014-01-23,2017-09-13
KH-16360,6,3100.612,528.2051,2014-04-29,2017-12-29
PG-18820,13,3086.907,137.46130000000002,2014-05-09,2017-11-24
EH-14125,10,3082.653,96.27019999999999,2014-10-19,2017-07-31
GM-14455,6,3078.624,793.2814,2014-04-11,2017-12-14
EB-14110,6,3071.126,184.7656,2015-04-13,2017-09-08
MG-18145,4,3061.543,-93.603,2014-03-29,2017-10-07
TG-21310,5,3058.372,682.1704000000001,2015-03-09,2017-01-27
KT-16465,7,3057.1,254.00320000000002,2014-09-08,2016-12-04
SS-20410,6,3056.807,-1010.9738,2014-05-30,2017-09-11
SL-20155,7,3053.012,527.9715,2014-09-21,2017-10-21
AS-10045,7,3050.692,-253.57459999999998,2014-07-27,2017-10-03
CA-12775,7,3041.566,204.48950000000002,2014-06-28,2017-09-01
CS-11950,11,3036.547,-126.4223,2014-06-08,2017-12-05
LS-16975,9,2988.674,262.63669999999996,2014-10-20,2017-12-10
MH-18025,5,2984.948,476.9032,2014-07-08,2017-11-11
FA-14230,7,2984.054,520.5229,2014-09-19,2017-09-24
DB-13120,7,2973.094,-1421.7692,2015-05-01,2017-11-12
NS-18640,13,2964.823,-234.7714,2014-06-25,2017-07-09
TM-21010,8,2955.226,573.3013,2014-02-21,2017-09-18
CK-12325,5,2945.321,261.22090000000003,2014-03-14,2017-09-01
TH-21115,4,2942.772,-252.5539,2014-09-23,2017-11-02
LT-17110,8,2936.252,320.973,2014-06-01,2017-11-26
BC-11125,9,2933.676,251.5974,2014-07-06,2017-06-11
JK-16120,10,2932.484,122.65659999999998,2014-11-02,2017-09-04
SW-20455,7,2921.544,793.6548,2015-06-22,2017-07-21
ML-17410,6,2921.5,-76.17550000000001,2014-11-14,2017-11-06
RD-19585,10,2912.894,734.5158,2014-04-02,2017-07-03
CY-12745,8,2900.026,60.646699999999996,2014-12-12,2017-10-31
ND-18460,6,2893.455,443.3368,2014-02-06,2017-06-30
MT-17815,6,2890.139,509.0068,2015-11-06,2017-11-11
BF-11020,8,2888.506,302.02,2014-02-15,2017-10-17
DS-13180,9,2881.8128,163.6993,2014-04-28,2017-12-07
PV-18985,5,2876.046,434.52840000000003,2014-07-12,2017-10-02
IM-15055,3,2872.63,975.7701,2014-01-23,2016-11-16
CC-12430,10,2870.05,424.6583,2015-09-06,2017-12-30
CC-12685,4,2854.1150000000002,850.1591,2014-03-22,2015-10-23
AW-10930,7,2852.9680000000003,-104.54860000000001,2014-07-14,2017-11-14
EA-14035,13,2846.705,-52.74059999999999,2014-09-13,2017-07-31
LS-16945,6,2845.27,-318.77369999999996,2015-04-25,2017-07-05
DB-12970,5,2839.2272,213.00289999999998,2014-11-12,2017-05-03
JM-16195,10,2833.926,754.1143999999999,2014-04-30,2017-11-03
CV-12295,5,2830.628,493.0861,2014-03-28,2017-04-20
TS-21610,7,2820.424,-294.6981,2014-08-16,2017-11-05
GH-14410,9,2819.467,-576.8335,2014-07-09,2017-10-16
BG-11035,8,2798.948,-711.4274,2014-11-05,2017-12-02
TB-21625,9,2797.668,379.882,2014-08-06,2017-11-30
RD-19660,5,2786.632,835.772,2015-04-12,2017-09-07
JC-15775,9,2772.055,279.5692,2014-09-14,2017-07-25
PF-19165,6,2770.0,196.87389999999996,2014-09-20,2017-06-17
EB-13870,10,2767.219,261.5315,2014-05-05,2017-09-21
CS-12250,12,2754.216,738.3626,2014-01-13,2017-12-04
MM-18055,8,2749.881,-520.3443,2014-04-11,2017-10-30
KB-16585,12,2744.742,579.3551,2014-04-04,2017-05-14
LL-16840,6,2741.2039999999997,560.0078,2014-04-29,2017-04-25
MC-17275,8,2725.982,461.0014,2014-09-08,2017-10-15
JL-15850,6,2725.256,779.9046,2014-07-22,2016-04-25
ML-17395,9,2722.843,684.9162,2014-02-14,2017-10-22
JK-15370,8,2709.632,330.2838,2014-04-11,2017-11-16
JE-16165,3,2697.248,789.6476,2016-12-05,2017-12-10
BT-11530,5,2684.492,409.4983,2014-05-21,2017-09-30
BO-11350,5,2682.728,278.77700000000004,2016-01-03,2017-08-15
FO-14305,10,2678.438,215.59689999999998,2014-06-09,2017-11-22
NH-18610,7,2673.29,760.1666,2014-03-02,2017-06-24
RB-19435,8,2663.0860000000002,477.2399,2014-03-11,2017-12-11
EJ-14155,5,2656.6910000000003,451.87550000000005,2014-03-03,2017-11-03
DK-13090,7,2650.5570000000002,536.3935,2015-03-02,2017-11-18
CA-12265,9,2648.2872,279.6183,2014-03-25,2017-11-04
LC-17140,9,2633.582,231.1252,2014-09-09,2017-12-17
RA-19285,9,2617.906,546.0882,2014-12-13,2017-12-25
KN-16390,9,2617.272,-151.1518,2014-12-02,2017-12-11
SO-20335,6,2602.5755,-81.0858,2015-10-11,2017-12-01
SU-20665,7,2595.364,763.4719,2015-12-05,2017-12-10
HA-14920,8,2584.158,99.14450000000002,2014-10-11,2017-12-10
AG-10270,5,2582.898,732.7399,2014-05-13,2017-03-27
LC-16870,8,2580.704,-188.2511,2015-05-03,2017-12-03
SC-20695,10,2576.408,611.8291,2014-12-16,2017-10-02
NS-18505,4,2575.863,-12.303999999999997,2016-11-24,2017-12-24
BT-11305,5,2567.656,417.5918,2014-04-25,2017-01-28
EM-13810,5,2567.0099999999998,-133.82750000000001,2015-06-07,2017-08-20
MZ-17515,6,2564.906,787.7503,2014-04-04,2017-03-23
BS-11755,7,2562.382,-113.29840000000002,2014-05-18,2017-12-29
DE-13255,5,2550.874,464.47139999999996,2014-08-22,2016-01-11
CC-12610,7,2540.6310000000003,331.43399999999997,2014-08-27,2017-11-26
AC-10615,5,2537.686,298.82730000000004,2015-09-15,2017-12-24
CM-12160,6,2533.314,-394.3686,2016-10-21,2017-12-04
HF-14995,7,2533.164,-13.87679999999999,2014-05-26,2017-12-09
FM-14380,9,2523.266,191.4898,2015-07-12,2017-08-07
JB-16045,5,2518.1150000000002,201.51850000000002,2015-05-03,2017-12-23
JS-16030,6,2516.494,-311.25749999999994,2014-02-27,2017-12-02
DJ-13510,8,2501.688,345.2521,2014-08-17,2017-11-12
AH-10465,5,2495.3916,-196.12009999999998,2015-01-03,2017-05-14
PO-18865,7,2493.214,437.8533,2014-03-23,2017-12-30
NZ-18565,9,2488.31,402.42359999999996,2014-08-02,2017-10-06
MN-17935,6,2477.946,290.8227,2014-02-16,2017-11-26
BP-11290,7,2475.157,-319.0637,2014-10-03,2017-12-18
CC-12145,7,2471.65,392.28249999999997,2014-07-20,2017-09-15
NC-18340,5,2461.404,580.3075,2014-03-30,2017-05-20
FM-14215,10,2456.638,249.6808,2014-03-11,2017-12-23
MH-17455,8,2456.1820000000002,484.7733,2014-07-11,2017-10-06
BS-11590,6,2454.928,381.7807,2014-01-14,2017-11-25
VM-21685,7,2454.866,513.5269,2014-04-07,2017-11-06
GZ-14545,4,2454.622,828.6610000000001,2014-09-28,2017-07-26
MA-17995,6,2453.284,280.7822,2014-09-20,2017-06-27
BP-11095,12,2442.044,433.9751,2014-06-07,2017-12-13
MC-17590,6,2426.067,288.98409999999996,2014-05-20,2017-11-09
TH-21100,5,2422.824,-135.21249999999998,2014-09-27,2017-01-20
MH-17290,6,2394.025,28.76120000000002,2014-04-26,2017-09-02
DF-13135,3,2390.534,-259.3097,2014-10-04,2016-01-30
XP-21865,11,2374.658,621.23,2014-01-20,2017-11-17
CK-12595,11,2372.75,497.70980000000003,2014-12-26,2017-11-17
JF-15415,6,2371.448,635.6376,2014-06-17,2017-12-28
CV-12805,9,2370.3136,98.99749999999999,2016-05-09,2017-12-25
NR-18550,5,2367.277,-25.14879999999997,2014-06-07,2017-06-03
JG-15115,3,2358.676,684.1911,2014-09-21,2015-12-03
AG-10495,8,2356.855,295.6668,2015-01-04,2017-10-13
CL-12700,5,2353.586,229.00990000000002,2016-04-24,2017-09-16
MG-17680,4,2350.188,25.888599999999983,2014-10-22,2017-09-29
RF-19735,7,2341.2960000000003,711.6168,2014-08-06,2017-10-02
EM-13825,8,2339.598,682.5541999999999,2014-12-02,2017-11-05
DB-13210,10,2332.5769999999998,169.9679,2015-03-22,2017-12-21
CM-12235,5,2305.712,365.0387,2016-05-01,2016-12-10
MK-17905,8,2302.368,-405.3559000000001,2014-11-18,2017-12-02
LH-16900,9,2295.332,526.0727,2014-08-19,2017-12-09
KN-16705,8,2280.58,329.76250000000005,2014-03-02,2017-09-23
JF-15190,7,2279.586,575.1259,2014-11-15,2017-10-26
FH-14350,4,2271.284,706.289,2015-08-23,2017-06-01
CC-12670,7,2269.7015,187.8399,2014-12-23,2017-12-01
BE-11410,5,2261.438,755.9151,2016-02-07,2017-09-23
KM-16225,6,2260.958,635.1057,2015-07-06,2017-12-16
MC-17605,8,2258.192,195.4486,2014-03-19,2017-09-09
JH-16180,4,2256.394,-96.95300000000002,2015-05-25,2016-11-21
MY-17380,7,2254.285,319.1211,2015-10-26,2017-12-01
KD-16615,5,2243.5099999999998,539.7219,2015-09-13,2017-03-16
TS-21505,6,2243.274,11.37789999999999,2014-12-20,2017-12-19
JG-15310,6,2240.58,3.7976000000000014,2016-03-03,2017-12-28
LW-16825,5,2238.061,32.5767,2014-05-30,2017-10-03
AR-10405,5,2236.128,-98.76459999999999,2014-10-03,2017-08-27
GG-14650,9,2224.0,12.69850000000001,2014-10-31,2017-11-17
NC-18415,6,2218.9900000000002,-2204.8072,2014-05-03,2017-11-19
MC-18100,10,2218.98,-64.1668,2014-06-18,2017-11-19
DP-13105,8,2215.002,563.1761,2015-08-22,2017-12-24
PF-19225,5,2206.128,591.3118000000001,2016-06-26,2017-09-07
MH-17785,7,2203.7780000000002,238.5614,2014-05-27,2017-09-23
JL-15235,5,2203.7,54.517400000000016,2014-05-25,2017-09-02
JR-16210,5,2201.686,452.373,2015-09-18,2017-11-27
EN-13780,4,2199.366,496.1131,2015-05-30,2017-03-18
TB-21280,6,2198.4500000000003,490.9567,2014-06-21,2016-05-26
GW-14605,7,2189.0190000000002,-268.5423,2014-03-01,2017-12-02
BT-11395,6,2186.6130000000003,257.9163,2014-10-28,2017-03-03
PS-18760,6,2181.479,-134.441,2014-06-15,2017-09-14
SH-20395,10,2180.718,-144.5229,2014-11-02,2017-12-07
KN-16450,5,2171.962,114.3083,2014-04-12,2017-11-08
DB-12910,8,2171.5989999999997,431.3748,2014-10-24,2017-12-09
RP-19855,8,2170.716,594.5868,2014-04-05,2017-12-02
TS-21160,6,2163.6240000000003,260.8744,2014-04-23,2016-08-13
HA-14905,7,2163.2999999999997,270.8574,2014-06-30,2017-10-22
EJ-13720,4,2162.174,387.01759999999996,2014-01-27,2017-03-03
NM-18520,10,2161.9790000000003,788.9525,2015-09-08,2017-04-30
JD-15790,5,2152.352,-266.5525,2015-04-02,2017-09-04
CR-12580,4,2148.852,74.40129999999999,2016-04-18,2017-11-03
DN-13690,7,2139.79,540.5405000000001,2014-09-20,2017-05-27
KC-16255,6,2120.954,846.1217,2014-09-08,2016-11-18
SH-20635,2,2096.392,260.6258,2014-12-16,2015-11-26
LC-17050,5,2095.064,86.778,2014-01-31,2017-11-06
RH-19600,3,2085.7400000000002,172.6261,2015-07-02,2016-07-14
TG-21640,4,2074.661,365.7205,2014-03-31,2017-09-07
ML-17755,7,2071.914,409.5112,2016-08-04,2017-12-01
RB-19705,4,2067.45,243.07549999999998,2015-08-22,2017-11-06
TS-21430,5,2054.14,48.70169999999998,2014-07-30,2017-07-11
AF-10870,7,2052.908,317.9712,2015-12-06,2017-11-19
CD-11920,5,2033.968,426.661,2014-03-24,2017-11-20
NF-18595,7,2031.472,388.2131,2014-04-19,2017-09-07
DJ-13420,4,2012.52,483.035,2014-12-08,2016-04-02
VB-21745,6,2005.596,371.2398,2015-07-17,2017-11-06
HP-14815,7,1990.314,373.8637,2014-05-06,2017-11-30
DB-13615,7,1989.05,438.8012,2014-09-30,2017-11-27
PG-18895,9,1987.164,334.5163,2014-05-11,2017-11-03
NB-18655,9,1972.599,117.6429,2014-12-05,2017-12-11
SW-20275,6,1966.6499999999999,332.8725,2014-03-10,2017-11-30
LD-17005,4,1961.934,557.1714,2014-09-29,2016-11-11
CB-12415,8,1949.2,272.3883,2015-11-05,2017-12-04
TP-21565,4,1936.6399999999999,139.22869999999998,2015-03-01,2017-01-14
JO-15280,6,1934.272,202.1362,2014-03-31,2017-09-29
JF-15355,6,1911.844,330.199,2015-10-23,2017-09-16
ME-17725,8,1908.4532,77.81280000000001,2014-07-12,2017-12-02
SV-20935,8,1903.491,106.8912,2016-03-19,2017-12-28
KD-16345,6,1888.964,328.5942,2014-09-02,2017-11-19
GD-14590,4,1888.07,230.9373,2014-05-05,2017-12-25
SG-20470,8,1884.798,-119.0105,2014-07-26,2017-06-30
LR-17035,5,1879.306,-382.80789999999996,2014-09-07,2017-08-20
SC-20440,7,1874.9979999999998,379.5611,2015-08-17,2017-11-24
BG-11695,6,1874.172,107.5715,2014-05-11,2017-11-24
SP-20650,9,1872.436,268.4782,2014-04-16,2016-12-09
NG-18355,5,1869.58,313.6335,2014-11-24,2017-11-12
CD-12790,5,1860.732,403.8422,2014-02-02,2016-11-26
SN-20560,6,1860.4180000000001,-716.8565000000001,2015-06-18,2017-09-10
PR-18880,5,1840.1779999999999,247.6226,2014-09-05,2017-11-24
AJ-10945,7,1839.24,521.1351999999999,2014-03-03,2017-10-06
PC-18745,4,1832.064,272.685,2014-12-31,2017-12-28
EG-13900,5,1832.02,104.2656,2015-11-02,2017-12-08
PJ-19015,7,1824.2340000000002,682.9979000000001,2014-04-07,2017-08-18
NC-18625,5,1821.742,-359.02099999999996,2014-10-29,2017-06-09
JM-15265,5,1804.146,502.6143,2014-08-25,2017-11-23
JB-15400,10,1791.605,156.0532,2014-09-14,2017-12-23
AA-10480,4,1790.512,435.8274,2014-05-04,2017-04-15
CC-12100,6,1770.945,208.5912,2014-12-16,2016-09-29
DS-13030,4,1762.213,193.3319,2014-07-09,2017-09-28
MF-18250,5,1758.3,456.86080000000004,2014-09-15,2017-12-23
AH-10030,7,1744.7,365.2152,2014-04-22,2017-12-18
LH-17155,9,1739.689,316.5202,2014-12-12,2016-12-10
BW-11200,6,1738.406,246.9973,2014-08-12,2017-06-10
VT-21700,2,1736.596,-224.0889,2014-06-06,2015-04-05
AH-10120,7,1735.5140000000001,-2.314599999999977,2014-07-18,2017-10-31
MV-18190,7,1734.574,273.8582,2014-01-30,2017-12-11
JM-15535,7,1733.443,356.5395,2014-09-13,2017-09-19
BE-11455,6,1727.652,139.20080000000002,2015-08-02,2017-04-20
DB-13405,4,1711.692,438.9092,2015-08-08,2017-06-26
JP-16135,9,1707.71,309.7116,2014-09-23,2017-09-19
TZ-21580,4,1707.286,224.8887,2014-11-11,2017-11-25
BP-11155,6,1697.861,647.3847,2015-06-04,2017-10-02
DK-12985,5,1687.04,-107.35379999999999,2014-11-24,2017-12-23
MO-17800,8,1687.027,169.3437,2015-09-17,2017-09-17
RA-19945,5,1686.9225,-445.695,2014-08-29,2017-10-30
KE-16420,8,1686.7312,397.87989999999996,2014-04-03,2017-12-04
CA-12055,5,1679.7240000000002,211.25590000000003,2015-09-05,2016-11-24
CM-11815,6,1673.8880000000001,214.463,2014-11-14,2017-08-21
JP-15460,7,1669.135,429.7465,2014-08-24,2017-11-23
CM-12115,4,1661.6100000000001,409.0679,2015-03-29,2017-12-22
CC-12475,9,1659.438,154.851,2014-05-16,2017-11-21
EB-13975,4,1643.255,162.8781,2016-01-04,2017-12-30
AP-10720,8,1638.5539999999999,285.7888,2014-03-03,2017-11-19
AZ-10750,6,1622.018,154.9503,2014-03-17,2017-07-23
MS-17710,6,1613.402,247.4348,2014-03-24,2016-11-12
TB-21250,7,1602.376,260.6155,2014-12-08,2017-01-15
CR-12730,4,1600.55,306.9176,2014-08-20,2017-10-13
AH-10195,4,1587.452,-378.5509,2015-03-05,2017-11-05
BF-11215,4,1585.162,523.2133,2014-11-09,2017-10-26
CK-12760,9,1582.109,-338.4311,2014-02-07,2017-10-09
MC-18130,5,1581.998,121.7565,2014-09-19,2016-12-26
JL-15175,5,1571.523,209.2817,2014-12-31,2017-12-24
KB-16315,9,1569.464,49.71929999999999,2014-08-26,2017-03-09
GB-14530,11,1568.44,7.837100000000008,2014-04-28,2017-10-29
ON-18715,9,1567.52,-5.889000000000002,2014-09-13,2016-11-15
MV-17485,9,1560.05,189.0258,2014-01-20,2017-12-03
MB-17305,10,1548.702,212.425,2014-08-08,2017-11-12
BD-11620,6,1538.11,206.7569,2014-06-30,2017-10-22
CH-12070,3,1537.236,195.15109999999999,2015-06-25,2016-02-08
BD-11725,6,1526.5,333.9791,2015-07-03,2017-09-28
BV-11245,5,1523.273,315.2214,2015-03-26,2017-01-30
KA-16525,7,1519.506,234.9194,2014-03-11,2017-11-24
AB-10600,4,1515.862,-274.9604,2014-11-18,2017-11-10
JG-15805,6,1507.018,206.1019,2014-04-05,2017-05-21
DL-12865,8,1503.112,322.2449,2014-06-29,2017-09-21
ZD-21925,5,1493.944,249.1307,2014-08-27,2017-06-11
CM-12190,6,1475.144,91.2033,2015-09-18,2017-12-22
LE-16810,6,1469.45,161.76489999999998,2014-05-27,2017-12-09
TB-21055,5,1467.881,390.2113,2016-06-17,2017-09-02
PN-18775,8,1467.152,192.0396,2015-08-07,2017-11-30
RK-19300,3,1460.192,269.688,2015-07-20,2017-09-02
BN-11515,5,1459.344,340.7054,2014-03-17,2017-12-21
DL-13315,8,1458.258,288.8732,2014-01-16,2017-12-08
PB-19150,8,1456.95,280.6606,2014-07-14,2017-09-24
AG-10525,4,1455.038,-152.7613,2014-08-09,2015-09-07
RM-19375,6,1453.474,392.1499,2014-05-11,2017-01-19
PK-18910,2,1441.152,-798.705,2014-04-04,2016-09-03
TD-20995,9,1434.548,88.1897,2014-05-19,2017-11-23
JW-16075,4,1428.731,154.0637,2015-03-21,2016-09-25
MB-18085,7,1428.231,117.8057,2014-01-05,2017-11-16
TT-21220,8,1427.0439999999999,278.7371,2014-09-23,2017-06-30
CA-12310,4,1421.954,246.02179999999998,2014-07-19,2017-12-17
RD-19720,10,1419.737,207.3304,2014-07-20,2017-12-09
NL-18310,4,1418.09,343.6381,2014-10-31,2017-11-02
JS-15595,4,1417.654,-175.54899999999998,2014-03-03,2017-09-02
PM-18940,3,1405.4019999999998,157.8768,2014-05-04,2016-12-09
GA-14725,11,1398.382,136.70790000000002,2014-02-11,2017-12-25
CR-12820,3,1397.8724,83.27029999999999,2015-01-24,2017-10-06
NG-18430,5,1395.938,217.0893,2014-11-24,2017-11-12
JE-15475,6,1388.682,276.2197,2015-03-16,2017-06-20
TB-21595,5,1387.559,-136.4091,2014-02-18,2017-03-20
FG-14260,7,1383.144,394.7397,2014-05-21,2017-11-26
DM-13525,3,1376.792,199.7688,2014-07-05,2016-09-05
GH-14485,2,1361.2440000000001,-95.4498,2015-10-08,2016-12-08
SB-20170,3,1348.02,157.6658,2014-06-06,2017-06-12
LM-17065,5,1346.774,-44.87799999999999,2014-06-27,2016-12-04
MG-17695,3,1342.282,-398.79319999999996,2014-12-26,2016-06-23
SJ-20215,6,1341.036,-23.5137,2015-02-09,2017-12-01
BM-11785,10,1338.842,137.7439,2014-06-06,2017-05-26
BF-11005,4,1333.88,-291.3811,2014-09-25,2017-11-21
SS-20140,8,1324.028,332.3487,2014-11-23,2017-12-15
DM-12955,7,1322.034,108.7583,2014-09-30,2017-09-07
MT-18070,4,1319.4497999999999,-23.6763,2014-09-25,2017-06-10
SJ-20500,5,1318.7759999999998,68.09629999999999,2014-08-31,2017-04-21
MM-17260,4,1314.0230000000001,178.402,2014-05-28,2017-07-15
SP-20545,6,1306.086,-118.77570000000001,2014-10-13,2017-02-06
MC-17575,8,1303.893,210.7493,2014-12-02,2017-12-03
EK-13795,4,1303.4779999999998,97.1066,2014-03-18,2017-11-16
Co-12640,5,1300.076,205.6282,2014-06-20,2016-06-29
DO-13435,9,1300.0315,-38.90860000000001,2014-10-03,2017-08-19
HR-14770,5,1299.288,185.5794,2014-03-01,2017-12-17
GR-14560,2,1284.38,359.83320000000003,2014-11-19,2014-11-21
CS-11845,5,1278.954,185.3776,2014-12-14,2017-09-30
PS-18970,8,1278.639,198.5099,2014-04-15,2017-10-22
SV-20815,4,1271.0900000000001,199.6502,2015-05-04,2017-10-15
DO-13645,7,1267.316,294.0676,2015-11-07,2017-12-04
CL-11890,4,1262.0140000000001,328.0847,2014-07-26,2017-09-15
LW-17125,3,1259.04,192.6312,2014-09-11,2017-06-08
ME-18010,4,1256.944,107.3604,2014-07-21,2017-09-29
GM-14500,10,1255.682,441.3185,2014-08-09,2017-09-15
SC-20680,6,1254.64,370.1578,2014-11-21,2017-08-26
MH-17620,4,1252.8,122.3612,2015-12-05,2017-07-28
ER-13855,3,1245.788,-295.7398,2015-12-21,2016-11-04
TC-21475,9,1244.976,119.10399999999998,2014-11-22,2017-07-30
JW-15955,7,1244.086,-29.57589999999999,2015-08-16,2017-12-25
MG-17875,5,1242.8329999999999,-470.7684,2014-02-23,2017-09-05
NP-18685,6,1228.698,514.5017,2014-03-07,2016-11-19
PJ-18835,8,1220.09,442.13550000000004,2014-05-28,2017-11-21
EH-14005,7,1219.53,-94.14079999999997,2014-05-13,2017-12-28
JL-15130,6,1214.956,-207.79559999999998,2014-07-18,2017-12-22
CD-12280,2,1205.584,233.0274,2017-11-05,2017-11-18
MD-17860,5,1204.91,-4.0402999999999984,2014-12-02,2017-11-24
DW-13585,7,1204.854,-266.8966,2014-08-24,2017-05-02
EB-14170,6,1186.326,282.1701,2014-09-29,2017-10-09
BP-11230,5,1181.49,-197.26950000000002,2014-04-20,2017-11-21
DC-13285,5,1174.618,132.06820000000002,2014-12-29,2017-12-07
AT-10435,6,1171.814,100.8768,2014-11-24,2017-12-09
JR-15670,2,1156.658,-785.1645,2015-12-24,2016-05-16
DB-13660,7,1155.202,177.6735,2014-06-17,2017-12-18
CG-12520,3,1148.78,169.93439999999998,2015-10-15,2017-01-26
KC-16675,4,1146.05,156.7797,2014-12-13,2017-11-03
RD-19810,8,1137.616,318.4625,2014-10-27,2017-12-16
CW-11905,6,1136.592,370.8298,2014-06-09,2017-12-08
JS-15685,4,1131.064,-54.869200000000006,2016-06-14,2017-11-18
DV-13045,5,1119.483,-427.184,2016-06-12,2017-12-11
AB-10165,8,1113.838,220.813,2014-11-16,2017-12-05
TM-21490,3,1094.6779999999999,292.521,2017-03-30,2017-08-22
JO-15550,5,1090.838,167.6709,2015-03-19,2017-05-29
SW-20245,7,1085.078,-19.60620000000001,2014-07-20,2017-10-10
JF-15490,11,1082.918,-18.067300000000007,2014-10-19,2017-08-31
DB-13360,5,1081.466,291.00849999999997,2014-11-19,2017-04-10
DW-13195,6,1080.751,-86.8738,2014-01-18,2017-10-22
CS-12490,4,1077.2285,-302.8761,2015-01-12,2016-11-01
PC-19000,2,1061.488,-184.3364,2014-04-08,2015-08-01
DP-13165,2,1058.616,-40.93759999999999,2014-12-02,2015-10-10
JC-15385,1,1058.108,502.9244,2017-07-08,2017-07-08
PO-19195,5,1056.858,-49.70089999999999,2014-01-04,2017-10-05
AA-10375,9,1056.39,277.3824,2014-04-21,2017-12-11
VS-21820,4,1055.981,-262.8093,2014-01-07,2017-05-23
AR-10345,4,1055.694,-221.0544,2014-12-30,2017-09-10
DP-13000,9,1050.636,241.45239999999998,2014-01-03,2017-08-26
DH-13675,4,1043.096,116.667,2014-08-12,2015-11-15
SM-20905,1,1043.041,-237.2885,2016-05-03,2016-05-03
EM-14095,4,1041.0420000000001,240.23620000000003,2015-08-07,2017-09-08
TC-21145,1,1038.26,265.5332,2017-09-15,2017-09-15
MK-18160,4,1031.602,227.8338,2014-12-19,2017-05-04
TH-21235,8,1022.201,92.729,2014-11-04,2017-09-04
SW-20350,3,1019.044,95.83829999999999,2016-04-09,2017-07-21
LS-17200,6,1010.256,244.197,2014-10-18,2017-09-25
RB-19330,2,1008.196,-164.40619999999998,2014-11-17,2017-10-23
LS-17245,6,1008.136,348.3584,2014-10-16,2017-11-26
BG-11740,6,1006.356,119.3479,2014-03-23,2017-11-03
VP-21730,3,993.9019999999999,205.3888,2015-07-05,2017-11-30
KB-16600,7,983.922,293.55240000000003,2014-12-30,2017-12-29
BP-11050,5,983.42,209.78300000000002,2014-10-12,2017-10-08
TS-21340,5,974.782,-184.97889999999998,2014-01-19,2017-05-18
RD-19930,4,970.942,35.05740000000001,2014-10-03,2017-11-18
AB-10150,5,966.71,313.6597,2014-03-05,2017-11-19
RC-19825,6,966.409,63.9914,2014-12-05,2016-12-26
SS-20875,5,964.636,-75.586,2014-12-14,2017-09-01
JH-15910,7,959.477,-13.554499999999994,2015-06-12,2017-11-19
JF-15295,5,955.124,97.289,2014-03-14,2017-05-19
RP-19270,4,954.6452,59.5384,2014-10-19,2016-08-21
BS-11800,2,949.43,194.0516,2015-09-26,2017-04-09
RF-19840,8,945.222,280.0261,2014-11-12,2017-12-24
EB-13930,5,944.6,0.6042000000000058,2014-02-02,2017-07-22
MF-17665,5,937.039,-341.5265,2014-12-30,2016-11-04
EM-13960,5,933.704,102.29599999999999,2015-10-01,2017-08-01
AC-10420,3,925.8,-62.1342,2014-07-12,2017-05-12
EH-14185,6,923.884,242.1107,2014-05-22,2017-09-16
MO-17500,4,922.487,59.3577,2014-11-28,2017-10-19
AB-10255,9,914.5319999999999,264.5675,2014-07-22,2017-07-17
KB-16405,3,908.821,274.297,2015-11-20,2017-09-04
CG-12040,6,904.4680000000001,86.5106,2015-06-01,2017-11-11
SC-20575,5,902.7280000000001,100.2253,2014-06-16,2017-09-29
JB-15925,3,900.552,-286.98080000000004,2014-12-05,2015-12-24
HZ-14950,5,886.52,-130.3879,2016-03-14,2017-11-25
AB-10015,3,886.156,129.3465,2014-02-18,2016-11-10
RC-19960,6,885.752,10.563300000000002,2014-08-25,2017-09-11
CS-12130,4,884.64,143.8339,2014-08-05,2016-08-28
HE-14800,4,883.532,274.4028,2016-01-30,2017-12-18
SK-19990,3,883.409,168.79330000000002,2016-11-28,2017-12-22
RE-19450,5,876.696,209.2294,2014-06-03,2017-03-03
JM-15655,5,864.947,117.20400000000001,2014-04-08,2017-12-22
JR-15700,1,863.88,107.985,2017-10-23,2017-10-23
AF-10885,4,861.5649999999999,-163.1175,2014-05-10,2016-11-10
JC-16105,5,858.576,201.5952,2014-11-18,2017-11-03
MS-17980,6,855.116,55.226,2014-06-30,2017-12-04
VF-21715,5,847.944,-96.27799999999999,2014-03-01,2017-12-17
VG-21790,6,846.01,143.6268,2014-08-08,2017-07-29
CS-12175,5,844.4580000000001,113.1405,2014-08-12,2017-05-12
TB-21355,5,834.328,268.967,2016-01-25,2017-08-06
AS-10630,7,833.398,136.49190000000002,2014-08-01,2017-09-29
EH-13990,6,825.9499999999999,150.3759,2014-01-15,2016-11-20
TB-21190,4,816.1740000000001,179.00379999999998,2014-12-27,2017-11-11
AM-10360,5,814.012,194.9878,2014-10-06,2017-12-02
BM-11575,6,808.162,95.5816,2015-09-15,2017-09-21
DK-13150,2,797.832,249.9447,2014-12-05,2017-12-20
MC-17635,4,795.154,-247.94350000000003,2014-11-28,2017-06-24
BF-11275,3,791.99,25.870199999999997,2014-03-22,2017-11-03
HG-14845,5,785.628,147.0032,2014-04-29,2017-11-06
MG-17890,9,776.384,171.7372,2014-12-29,2017-09-22
MM-18280,9,775.414,58.8916,2014-01-20,2017-10-06
SF-20065,7,763.546,228.1623,2014-09-10,2017-11-01
SW-20755,2,758.6959999999999,68.2416,2014-11-02,2016-07-14
LP-17080,4,756.606,110.7813,2014-06-24,2017-11-20
Dl-13600,5,755.602,175.2388,2014-03-30,2017-09-02
IG-15085,4,744.574,320.4982,2014-10-18,2017-10-20
BB-10990,5,744.34,11.583900000000007,2014-07-27,2017-09-16
TC-21535,7,742.558,217.933,2014-11-03,2017-12-26
ML-18040,3,742.082,138.71620000000001,2017-03-26,2017-10-12
RH-19555,2,740.382,0.30570000000000075,2015-12-04,2016-07-29
PB-18805,3,740.356,229.2257,2015-11-20,2017-12-05
AH-10585,4,738.504,83.963,2014-10-26,2017-12-09
HM-14980,4,736.276,117.2755,2015-10-02,2017-04-27
PH-18790,1,729.648,47.8878,2017-10-21,2017-10-21
PA-19060,6,729.408,225.8588,2014-05-17,2017-09-18
JJ-15445,5,709.178,200.5558,2015-03-05,2016-09-03
JD-16060,3,695.442,111.11410000000001,2014-09-24,2017-03-05
PB-19105,4,688.324,218.15970000000002,2014-11-15,2017-11-03
EH-13945,8,684.1709999999999,53.5398,2014-07-02,2017-05-27
TR-21325,5,675.942,220.36440000000002,2014-12-01,2017-06-20
AG-10330,5,660.972,-5.137099999999995,2016-08-03,2017-12-22
BK-11260,6,659.138,-63.7644,2014-08-03,2017-10-14
BD-11770,6,658.466,141.265,2016-03-10,2017-02-06
AC-10660,5,657.316,-28.700399999999995,2014-10-15,2017-03-23
AW-10840,4,649.376,65.7725,2015-04-13,2017-12-10
LO-17170,5,644.35,150.1712,2015-02-06,2017-12-28
JB-16000,7,644.1188,126.76490000000001,2016-01-10,2017-11-17
CD-11980,3,639.766,-206.71720000000002,2016-11-24,2017-11-06
MR-17545,4,639.178,162.9363,2014-09-03,2017-08-27
AJ-10960,3,629.2479999999999,60.4265,2014-09-14,2017-10-17
RR-19315,2,615.932,-73.835,2016-11-14,2017-12-11
SS-20515,3,613.4,199.93449999999999,2014-07-14,2016-08-26
BT-11440,4,603.876,-77.5256,2014-06-04,2016-06-18
BF-10975,7,599.798,227.4384,2014-07-14,2017-09-30
MZ-17335,4,593.606,85.0191,2015-11-08,2017-11-30
DL-13330,4,585.02,222.6812,2014-06-23,2017-11-03
AS-10240,7,584.6080000000001,33.715799999999994,2014-03-15,2017-06-21
BD-11635,3,582.646,141.534,2014-10-05,2017-12-21
NK-18490,7,572.048,121.21770000000001,2015-05-28,2017-10-21
CM-11935,2,565.392,-43.7324,2015-09-24,2016-01-22
CS-12460,2,550.644,156.2593,2017-07-03,2017-12-03
CS-11860,6,537.632,105.8275,2014-05-02,2017-07-21
JH-15820,6,528.91,26.0822,2014-05-19,2017-07-09
RB-19570,5,528.546,76.88789999999999,2016-04-28,2017-12-05
AY-10555,4,497.014,103.3499,2014-04-06,2017-12-16
CR-12625,3,475.9,144.7594,2014-06-01,2016-09-16
MS-17530,4,475.656,84.0268,2014-11-04,2016-10-22
JS-15940,5,469.169,-327.9336,2014-05-03,2016-09-23
EC-14050,5,461.914,96.4256,2014-12-17,2017-11-07
KM-16660,5,453.538,91.1391,2014-12-22,2017-12-15
KW-16570,4,449.096,107.92699999999999,2014-09-30,2015-11-20
TT-21265,3,439.5,93.9162,2015-08-15,2016-11-19
ST-20530,7,433.34,84.4419,2014-02-14,2017-08-27
VG-21805,5,427.372,-52.333,2014-09-22,2017-03-19
SS-20590,6,418.49,135.5401,2014-08-05,2016-10-24
BT-11485,2,415.19599999999997,126.8694,2015-12-27,2016-03-11
MH-17440,4,400.016,61.428599999999996,2014-02-04,2016-12-19
BW-11065,3,385.516,-58.2866,2014-05-25,2017-06-01
JD-16015,6,385.43,26.7605,2014-10-04,2017-09-09
JK-15325,3,383.81199999999995,55.3277,2014-11-21,2017-03-18
VM-21835,5,380.69,116.6373,2014-03-22,2017-09-04
NF-18475,4,377.16200000000003,85.92779999999999,2014-03-14,2016-07-23
MS-17830,4,370.348,19.4312,2014-01-09,2016-10-04
LS-17230,3,368.88,39.1952,2014-01-06,2015-11-14
AG-10300,4,367.548,59.288399999999996,2014-04-26,2017-09-03
EM-14200,3,366.822,21.7721,2015-12-20,2017-07-25
HJ-14875,5,358.1,98.6548,2015-04-13,2017-08-26
DW-13540,5,344.08,69.6672,2016-02-27,2017-09-23
LT-16765,3,329.876,59.036,2014-09-01,2017-12-04
BD-11560,2,320.54,116.714,2015-05-30,2017-03-27
LH-17020,4,318.239,-242.7399,2014-09-08,2017-05-05
JH-15430,4,309.281,-24.0771,2014-02-24,2017-12-25
JM-15580,5,303.948,113.1204,2016-04-14,2017-12-30
CM-12445,3,287.99,64.42960000000001,2014-06-09,2016-10-20
LH-16750,3,287.426,12.627699999999999,2014-09-21,2017-08-01
SC-20845,2,280.632,31.1757,2016-11-11,2017-08-21
SC-20800,4,279.25600000000003,51.8252,2015-12-11,2017-11-30
NB-18580,2,273.87199999999996,24.788800000000002,2014-09-26,2014-10-22
BF-11080,3,272.95,110.9272,2014-11-28,2017-12-05
DD-13570,6,269.542,36.4344,2014-03-31,2017-11-19
BN-11470,4,265.296,36.6131,2014-09-12,2017-12-06
AR-10510,5,264.864,43.6695,2014-05-02,2017-12-16
HD-14785,3,251.36,-135.87599999999998,2014-05-11,2015-11-22
SM-20005,4,244.494,-26.5927,2014-11-23,2016-11-04
PL-18925,5,239.481,-0.7527000000000013,2014-11-01,2017-12-15
GP-14740,2,236.53,31.837600000000002,2014-04-06,2015-11-26
EM-14065,4,228.98999999999998,40.154599999999995,2014-07-22,2017-11-13
GT-14755,4,226.436,-6.139199999999998,2015-02-18,2017-11-26
RB-19645,5,221.084,72.679,2014-08-23,2016-03-22
HH-15010,2,218.668,86.7342,2014-08-29,2017-10-19
AG-10390,5,200.945,69.2784,2014-04-19,2017-09-07
JJ-15760,2,195.0,34.449200000000005,2015-10-05,2015-12-08
AG-10765,4,170.584,-8.431000000000001,2014-09-17,2017-10-14
ML-18265,2,162.232,42.6648,2015-05-31,2017-09-21
AO-10810,1,161.28,12.096,2016-08-16,2016-08-16
PT-19090,4,160.572,-20.0508,2014-09-12,2017-10-20
DA-13450,4,156.76,56.7904,2014-04-25,2017-01-12
MO-17950,2,154.288,-82.0074,2015-04-02,2017-07-03
GH-14665,2,146.9408,-5.8102,2015-11-17,2017-12-28
PB-19210,2,132.738,21.897000000000002,2014-11-23,2016-02-11
BO-11425,2,130.83,59.4522,2015-09-10,2017-10-16
EL-13735,2,124.28,27.1154,2016-04-22,2017-10-14
CC-12550,3,113.832,33.8706,2017-06-15,2017-12-03
RM-19750,1,98.35,28.6879,2017-03-06,2017-03-06
KS-16300,3,88.472,0.11099999999999932,2015-01-13,2017-03-10
AR-10570,1,88.15,32.633,2016-07-14,2016-07-14
FW-14395,3,79.75,23.4913,2015-03-22,2017-01-02
JC-15340,4,71.26299999999999,-0.35560000000000014,2014-01-28,2017-09-07
AS-10135,2,58.82,21.8496,2016-11-13,2017-11-19
LB-16735,3,50.188,18.6507,2016-07-25,2017-11-12
RE-19405,1,48.36,6.045,2014-12-29,2014-12-29
SG-20890,3,47.946,-3.7073000000000005,2014-03-30,2017-05-18
RS-19870,2,22.328,9.5838,2016-06-07,2017-12-11
MG-18205,1,16.739,-1.2453,2017-04-10,2017-04-10
CJ-11875,1,16.52,1.652,2016-12-30,2016-12-30
LD-16855,1,5.304,0.4641,2016-06-26,2016-06-26
TS-21085,2,4.833,-3.3156,2015-07-19,2017-01-07
