order_year,category,sales,annual_share
2014,Furniture,157192.8531,0.324612628287733
2014,Office Supplies,151776.412,0.3134273539781041
2014,Technology,175278.233,0.36196001773416286
2015,Furniture,170518.237,0.36239416775345484
2015,Office Supplies,137233.463,0.29165564626269
2015,Technology,162780.809,0.3459501859838552
2016,Furniture,198901.436,0.32649311932291203
2016,Office Supplies,183939.982,0.3019341624631624
2016,Technology,226364.18,0.3715727182139255
2017,Furniture,215387.2692,0.2937572120498892
2017,Office Supplies,246097.175,0.3356411002835337
2017,Technology,271730.811,0.37060168766657703
