item_a,item_b,orders_together,support,confidence_a_to_b,lift
Appliances,Supplies,24,0.004791375524056698,0.05321507760532151,1.4254241910430772
Furnishings,Machines,27,0.0053902974645637855,0.03078677309007982,1.3768834500733018
Accessories,Machines,22,0.004392094230385306,0.03064066852367688,1.370349184241942
Bookcases,Labels,21,0.004192453583549611,0.09375,1.3572073699421965
Copiers,Paper,20,0.003992812936713915,0.29411764705882354,1.2369733787721637
Machines,Phones,22,0.004392094230385306,0.19642857142857142,1.2087355212355213
Machines,Storage,21,0.004192453583549611,0.1875,1.2087355212355213
Fasteners,Paper,59,0.01177879816330605,0.2744186046511628,1.154124929217191
Bookcases,Phones,42,0.008384907167099222,0.1875,1.1537929975429975
Labels,Storage,61,0.01217807945697744,0.17630057803468208,1.1365374457860007
Fasteners,Storage,37,0.007386703932920743,0.17209302325581396,1.1094130675526024
Binders,Fasteners,62,0.012377720103813137,0.04711246200607903,1.0976108008765109
Appliances,Binders,130,0.025953284088640446,0.28824833702882485,1.0971397569736958
Fasteners,Furnishings,41,0.008185266520263525,0.19069767441860466,1.0891729203680625
Appliances,Tables,30,0.005989219405070872,0.06651884700665188,1.0853189076753071
Appliances,Fasteners,21,0.004192453583549611,0.04656319290465632,1.084814108183365
Storage,Supplies,31,0.0061888600519065685,0.039897039897039896,1.0686859510388922
Bookcases,Storage,37,0.007386703932920743,0.16517857142857142,1.0648384353741496
Art,Supplies,29,0.005789578758235177,0.03967168262653899,1.062649509499111
Fasteners,Phones,37,0.007386703932920743,0.17209302325581396,1.058985200845666
Chairs,Fasteners,26,0.005190656817728089,0.04513888888888889,1.0516311369509044
Machines,Paper,28,0.005589938111399481,0.25,1.0514273719563392
Art,Phones,124,0.024755440207626274,0.16963064295485636,1.0438327893868249
Phones,Tables,52,0.010381313635456179,0.06388206388206388,1.0422972572809706
Art,Bookcases,34,0.006787781992413655,0.046511627906976744,1.0400747508305648
Furnishings,Phones,148,0.02954681573168297,0.16875712656784492,1.0384575515704364
Appliances,Phones,76,0.015172689159512876,0.16851441241685144,1.0369639948353917
Labels,Phones,58,0.011579157516470354,0.1676300578034682,1.0315220633139708
Binders,Machines,30,0.005989219405070872,0.022796352583586626,1.0195261615284412
Appliances,Paper,109,0.021760830505090836,0.24168514412416853,1.0164575037094543
Furnishings,Storage,138,0.02755040926332601,0.1573546180159635,1.014400619873824
Envelopes,Phones,41,0.008185266520263525,0.1646586345381526,1.0132372240805976
Appliances,Furnishings,80,0.01597125174685566,0.17738359201773837,1.0131293186053039
Chairs,Envelopes,29,0.005789578758235177,0.050347222222222224,1.0128081771530566
Paper,Supplies,45,0.008983829107606308,0.037783375314861464,1.0120691280863159
Storage,Tables,48,0.009582751048113396,0.06177606177606178,1.007935809238741
Accessories,Tables,44,0.008784188460770613,0.06128133704735376,0.9998638999029152
Accessories,Phones,116,0.023158315032940708,0.1615598885793872,0.9941688966758605
Envelopes,Storage,38,0.007586344579756438,0.15261044176706828,0.9838168633349357
Chairs,Furnishings,99,0.01976442403673388,0.171875,0.9816669042189282
Art,Chairs,82,0.01637053304052705,0.1121751025991792,0.9754949460404316
Binders,Storage,199,0.039728488720303455,0.15121580547112462,0.9748262157076747
Labels,Paper,80,0.01597125174685566,0.23121387283236994,0.9724183786879438
Chairs,Paper,133,0.026552206029147533,0.2309027777777778,0.97111000326523
Paper,Storage,178,0.035536035136753845,0.1494542401343409,0.9634701271980869
Envelopes,Paper,57,0.011379516869634657,0.2289156626506024,0.9627527743214672
Art,Fasteners,30,0.005989219405070872,0.04103967168262654,0.956128909108262
Binders,Bookcases,56,0.011179876222798962,0.0425531914893617,0.9515577507598785
Chairs,Phones,89,0.017768017568376922,0.1545138888888889,0.9508108961233961
Accessories,Labels,47,0.0093831104012777,0.06545961002785515,0.947650828409036
Furnishings,Supplies,31,0.0061888600519065685,0.03534777651083238,0.9468289440789273
Furnishings,Labels,57,0.011379516869634657,0.06499429874572406,0.9409145734604966
Appliances,Envelopes,21,0.004192453583549611,0.04656319290465632,0.9366868805599338
Accessories,Supplies,25,0.004991016170892394,0.034818941504178275,0.932663518686786
Art,Labels,47,0.0093831104012777,0.06429548563611491,0.9307979408997098
Binders,Phones,199,0.039728488720303455,0.15121580547112462,0.9305159331755076
Chairs,Storage,83,0.016570173687362747,0.1440972222222222,0.928935632060632
Accessories,Appliances,60,0.011978438810141745,0.08356545961002786,0.9281139405468504
Phones,Storage,117,0.0233579556797764,0.14373464373464373,0.9265982374090482
Accessories,Storage,103,0.020562986624076664,0.14345403899721448,0.9247892938700738
Accessories,Furnishings,115,0.02295867438610501,0.16016713091922005,0.9147972163903914
Appliances,Chairs,47,0.0093831104012777,0.10421286031042129,0.9062538494703128
Chairs,Labels,36,0.007187063286085047,0.0625,0.9048049132947977
Paper,Phones,175,0.034937113196246754,0.14693534844668346,0.9041758726897265
Accessories,Bookcases,29,0.005789578758235177,0.0403899721448468,0.9031846896140071
Binders,Labels,82,0.01637053304052705,0.06231003039513678,0.9020547463850871
Bookcases,Paper,48,0.009582751048113396,0.21428571428571427,0.9012234616768622
Accessories,Envelopes,32,0.006388500698742264,0.04456824512534819,0.8965555816581088
Appliances,Art,59,0.01177879816330605,0.13082039911308205,0.8964150193672065
Accessories,Paper,153,0.03054501896586145,0.21309192200557103,0.896202718157771
Art,Storage,100,0.019964064683569576,0.13679890560875513,0.8818863812023867
Binders,Tables,71,0.014174485925334398,0.053951367781155016,0.8802684078690732
Binders,Paper,275,0.05490117787981633,0.20896656534954408,0.878852666528855
Chairs,Tables,31,0.0061888600519065685,0.05381944444444445,0.878115951863916
Accessories,Fasteners,27,0.0053902974645637855,0.037604456824512536,0.8760963917859688
Binders,Supplies,43,0.008584547813934917,0.03267477203647416,0.8752295889342198
Art,Paper,150,0.029946097025354362,0.2051983584131327,0.8630046828643003
Binders,Furnishings,198,0.03952884807346776,0.15045592705167174,0.8593315149393657
Accessories,Binders,161,0.032142144140547016,0.22423398328690808,0.8534863391216737
Accessories,Art,89,0.017768017568376922,0.12395543175487465,0.8493744974831288
Furnishings,Paper,177,0.03533639448991815,0.20182440136830102,0.8488147997093366
Art,Tables,38,0.007586344579756438,0.05198358413132695,0.8481621267551033
Binders,Envelopes,54,0.010780594929127571,0.041033434650455926,0.8254476874061596
Furnishings,Tables,44,0.008784188460770613,0.05017103762827822,0.8185886888600834
Bookcases,Chairs,21,0.004192453583549611,0.09375,0.8152669270833334
Appliances,Storage,56,0.011179876222798962,0.12416851441241686,0.8004634346097761
Binders,Chairs,119,0.023757236973447796,0.09042553191489362,0.7863567523640662
Art,Furnishings,100,0.019964064683569576,0.13679890560875513,0.781329211167907
Art,Binders,150,0.029946097025354362,0.2051983584131327,0.7810323535648797
Accessories,Chairs,64,0.012777001397484528,0.08913649025069638,0.7751470133085732
Bookcases,Furnishings,30,0.005989219405070872,0.13392857142857142,0.7649352500407233
Art,Envelopes,27,0.0053902974645637855,0.036935704514363885,0.743015839005818
Paper,Tables,54,0.010780594929127571,0.04534005037783375,0.7397664897152093
Envelopes,Furnishings,32,0.006388500698742264,0.1285140562248996,0.7340101569333205
Phones,Supplies,22,0.004392094230385306,0.02702702702702703,0.7239485474779592
Appliances,Labels,21,0.004192453583549611,0.04656319290465632,0.674089691501224
