state,sub_category,loss_amount,net_profit,sales,loss_lines
Texas,Binders,14705.0738,-14705.0738,9042.676,153
Ohio,Machines,11770.9447,-11770.9447,8978.238,8
Illinois,Binders,7204.3242,-7204.3242,4538.546,80
Texas,Appliances,6147.2225,-6147.2225,2407.814,47
North Carolina,Machines,5384.8086,-5384.8086,12620.655,4
Pennsylvania,Binders,4570.975,-4570.975,6266.058,98
New York,Tables,4535.6408,-4535.6408,13779.018,28
Colorado,Machines,4384.2554,-4384.2554,3313.6890000000003,3
Illinois,Tables,4309.7447,-4309.7447,6550.67,18
Pennsylvania,Phones,3819.7516,-3606.9276,19702.404000000002,54
North Carolina,Tables,3684.2539,-3684.2539,9681.732,8
Tennessee,Binders,3635.9181,-3635.9181,5148.042,29
Texas,Furnishings,3312.6785999999997,-3312.6785999999997,3766.724,81
Pennsylvania,Bookcases,2896.7601,-2896.7601,5230.755,10
Ohio,Phones,2896.0284,-2778.8577999999998,14634.948,43
Texas,Machines,2884.65,-2666.8433999999997,19546.224000000002,8
Florida,Binders,2760.7304,-2760.7304,3690.498,67
Ohio,Tables,2715.3345,-2715.3345,7887.1140000000005,16
Tennessee,Tables,2663.4138000000003,-2663.4138000000003,6214.356,8
Illinois,Furnishings,2631.9766,-2631.9766,2877.976,57
Pennsylvania,Tables,2588.7538,-2588.7538,8052.186,15
Texas,Chairs,2515.649,-2515.649,26572.448,57
Florida,Tables,2493.1111,-2493.1111,5484.974,11
Illinois,Appliances,2482.4187,-2482.4187,974.72,20
Colorado,Bookcases,2408.9163,-2408.9163,1583.5230000000001,9
Texas,Bookcases,2391.1376999999998,-2391.1376999999998,14493.4588,27
Arizona,Tables,2281.8701,-2281.8701,3995.3500000000004,9
Texas,Tables,2258.6106,-2216.6766,15760.661,31
Pennsylvania,Machines,2219.2456,-2219.2456,2133.717,7
North Carolina,Binders,2007.8254000000002,-2007.8254000000002,2562.321,36
Pennsylvania,Chairs,1993.418,-1993.418,18724.174,32
Florida,Machines,1976.0110000000002,-1976.0110000000002,24573.940000000002,6
California,Tables,1651.0245,-303.558,45430.231999999996,31
Arizona,Binders,1646.7484,-1646.7484,2185.353,35
Pennsylvania,Storage,1628.3142,-1434.3118,11784.624,29
Illinois,Chairs,1578.6955,-1578.6955,14563.178,37
Pennsylvania,Supplies,1472.9642,-1459.5663,6710.2080000000005,7
California,Chairs,1462.4538,2435.9715,63079.368,42
Texas,Storage,1417.2783,-763.7054,15723.583999999999,40
Ohio,Binders,1400.6681,-1400.6681,1917.087,73
Ohio,Bookcases,1359.0516,-1359.0516,2077.705,8
Oregon,Tables,1048.8971,-1048.8971,1671.8600000000001,5
Colorado,Tables,974.8754,-974.8754,1457.13,4
Arizona,Machines,930.941,-930.941,965.9490000000001,3
Arizona,Bookcases,869.2072999999999,-869.2072999999999,519.213,3
Texas,Supplies,858.5372,-837.2795,4516.76,10
Illinois,Storage,658.9055,-257.4584,9080.328,21
Ohio,Chairs,649.3542,-649.3542,10145.702,22
Ohio,Storage,620.4236999999999,-276.3364,7264.4400000000005,18
Oregon,Bookcases,616.8158000000001,-616.8158000000001,356.646,3
Massachusetts,Tables,566.2617,-545.2947,3966.004,5
Illinois,Bookcases,555.8726,-555.8726,4282.698,9
Florida,Chairs,478.337,-37.558599999999984,11168.816,9
New York,Bookcases,466.2226,350.87440000000004,22777.144,15
Florida,Storage,460.59419999999994,-203.1068,7419.256,9
Oregon,Storage,423.297,-410.7729,1991.1200000000001,3
Colorado,Binders,379.4919,-379.4919,508.968,28
Tennessee,Storage,368.98560000000003,-333.5739,3310.8559999999998,13
Arizona,Storage,339.517,-271.1709,2590.384,11
California,Bookcases,328.703,1418.9915,27558.5215,17
California,Phones,327.48380000000003,6309.1197,67964.536,15
Arizona,Chairs,327.3371,121.6049,6499.08,6
Colorado,Supplies,299.8116,-291.69899999999996,1403.4,1
Washington,Chairs,294.2188,692.9453,16386.872,12
Colorado,Storage,278.4857,-212.69979999999998,3387.168,8
Tennessee,Machines,274.4095,-274.4095,740.475,2
Pennsylvania,Furnishings,274.1826,282.212,7347.816,8
Oregon,Machines,273.93240000000003,-273.93240000000003,209.91600000000003,2
North Carolina,Storage,230.5026,-86.20880000000001,3438.088,9
Rhode Island,Tables,230.1678,-230.1678,1758.246,4
Tennessee,Chairs,212.5254,150.4254,5074.888,5
Florida,Supplies,207.8305,-197.63150000000002,1067.896,4
Texas,Accessories,204.4537,1105.8500999999999,11328.56,26
Oregon,Binders,198.74110000000002,-198.74110000000002,281.064,14
Ohio,Accessories,159.9975,1452.8700999999999,8222.872,10
Arizona,Accessories,150.5642,224.7694,3396.16,10
Oregon,Phones,146.4608,248.15030000000002,4451.336,4
Florida,Bookcases,141.2254,-116.0706,2587.056,4
Oregon,Chairs,138.715,106.10999999999999,3841.1600000000003,4
Pennsylvania,Accessories,131.6644,898.9687,7299.28,14
Florida,Accessories,119.9666,750.0683,5861.9439999999995,9
Nevada,Chairs,109.5822,-109.5822,674.352,1
Texas,Phones,109.2348,3222.4608000000003,28589.568,3
New Hampshire,Tables,105.3164,-105.3164,1053.164,1
North Carolina,Bookcases,103.776,-97.97800000000001,959.056,3
Washington,Phones,93.6518,698.582,9101.568,5
Ohio,Supplies,88.80930000000001,-82.9029,478.808,3
Ohio,Furnishings,87.1748,517.4191,4088.624,7
Delaware,Tables,85.8963,-85.8963,510.279,2
West Virginia,Tables,76.9536,-76.9536,673.344,1
Maryland,Tables,71.117,-71.117,789.8030000000001,2
Colorado,Chairs,58.0736,556.5216,8244.816,2
Colorado,Accessories,57.3309,224.5594,2287.992,5
North Carolina,Furnishings,51.294,153.0447,1791.104,1
New Jersey,Tables,51.2906,-51.2906,418.29200000000003,2
Arizona,Furnishings,45.1832,284.54970000000003,2511.648,3
Colorado,Furnishings,41.7207,144.13590000000002,1957.568,3
Tennessee,Phones,41.5368,305.2247,3656.2400000000002,2
North Carolina,Supplies,39.1372,-27.980300000000003,302.04,2
Arizona,Supplies,38.022000000000006,-30.1976,282.528,2
Florida,Phones,35.5338,1354.7557,15092.184,3
Illinois,Accessories,35.2398,981.8644,5535.696,8
Oregon,Accessories,34.3792,152.1385,1160.304,4
North Carolina,Chairs,33.207300000000004,142.7239,2723.592,2
Tennessee,Furnishings,29.873600000000003,310.6829,1699.2479999999998,2
New York,Chairs,29.2744,7111.0119,46634.247,4
Illinois,Phones,23.305899999999998,1682.6887,16771.784,3
North Carolina,Accessories,23.180400000000002,821.0744,3506.632,3
Connecticut,Tables,19.6146,-19.6146,252.357,2
Illinois,Machines,19.47,326.0395,3756.3050000000003,1
Colorado,Phones,17.3385,523.1145,4924.656,2
Florida,Furnishings,16.4895,391.7596,3746.192,4
Arizona,Phones,14.603,818.6727999999999,7388.776,1
Tennessee,Bookcases,14.5176,-6.323599999999999,518.24,1
Tennessee,Accessories,13.8498,35.2185,410.568,2
Arizona,Fasteners,12.7742,2.0993000000000004,101.232,2
Texas,Fasteners,8.6613,80.7357,332.464,3
Pennsylvania,Fasteners,6.822000000000001,29.3222,154.712,4
Oregon,Supplies,6.7787,-1.6846999999999999,76.744,2
New Mexico,Phones,5.6943,72.9455,534.1279999999999,1
Ohio,Fasteners,2.2134,61.1197,204.896,1
Oregon,Fasteners,2.1195,0.1695000000000002,20.024,1
Tennessee,Supplies,1.9872,8.0208,97.792,1
Illinois,Supplies,1.744,13.427299999999999,178.152,1
Colorado,Fasteners,0.6048,12.6054,44.519999999999996,1
Oregon,Furnishings,0.3398,72.026,468.46400000000006,1
