order_id,customer_id,sales,profit,margin
CA-2016-108196,CS-12505,5016.549,-6892.3748000000005,-1.3739275346458293
US-2017-168116,GT-14635,8167.419999999999,-3825.3394000000003,-0.46836570177608117
CA-2014-169019,LF-17185,2656.716,-3791.1634,-1.427011167170296
CA-2017-134845,SR-20425,2613.309,-3424.3546,-1.3103519713895295
US-2017-122714,HG-14965,1889.99,-2929.4845,-1.55
CA-2017-131254,NC-18415,1729.286,-2330.2698,-1.347532912427441
CA-2015-147830,NF-18385,4190.206,-1980.3794,-0.4726210119502478
CA-2014-139892,BM-11140,10539.896,-1878.7892,-0.178255003654685
CA-2015-116638,JH-15985,4297.644,-1862.3124,-0.4333333333333333
CA-2016-130946,ZC-21910,1616.704,-1790.2708,-1.1073584280115594
CA-2014-145317,SM-20320,23661.228,-1789.7327,-0.07563989071065966
US-2015-150630,TB-21520,3329.4339999999997,-1647.9386000000002,-0.494960584892207
CA-2014-165309,KD-16270,1639.496,-1340.5041,-0.8176318209986484
US-2017-120390,TH-21550,1633.188,-1306.5504,-0.8
CA-2015-146262,VW-21775,1816.696,-1196.0596,-0.6583708006182653
CA-2017-128363,DC-12850,2382.926,-1145.1882,-0.48058068106185425
CA-2017-152093,SN-20560,762.594,-1143.891,-1.5
US-2017-148551,DB-13120,760.98,-1141.47,-1.5
CA-2015-140025,PF-19120,847.2,-1133.2884000000001,-1.3376869688385271
CA-2015-155600,RO-19780,1635.018,-1053.3600000000001,-0.6442497880757276
CA-2015-105571,CP-12340,1361.6309999999999,-1044.4553,-0.7670619279378923
US-2017-162558,Dp-13240,2437.672,-1034.8361,-0.42451818784479617
US-2014-148838,CP-12340,3455.13,-1031.6701,-0.2985908200270323
CA-2017-158379,JA-15970,4749.327,-1030.6439,-0.2170084098231181
CA-2016-107783,OT-18730,1556.694,-990.543,-0.6363119534089552
CA-2015-141565,BG-11035,1664.1319999999998,-972.0496,-0.5841180867863848
CA-2017-159100,VP-21760,1893.786,-964.4829,-0.5092882194714714
US-2016-157490,LB-16795,801.5500000000001,-961.5321,-1.1995909175971555
CA-2014-127299,JL-15835,2692.329,-937.4184,-0.34818122153718956
US-2017-165344,SB-20290,725.079,-934.3099000000001,-1.2885629014217763
US-2016-114013,SC-20770,2550.587,-928.2666,-0.3639423395477198
CA-2016-109869,TN-21040,1588.323,-857.1918000000001,-0.5396835530304605
CA-2016-158099,PK-18910,1422.252,-807.777,-0.5679563115397271
US-2015-103471,JR-15670,604.098,-785.1645,-1.29973034176574
US-2017-147221,JS-16030,303.372,-769.7316,-2.5372532732091293
US-2014-106992,SB-20290,5579.9400000000005,-761.9928,-0.13655931784212733
CA-2016-103982,AA-10315,4406.072,-747.1021000000001,-0.16956193634602432
CA-2014-108609,AJ-10780,1421.664,-734.5264,-0.5166666666666666
CA-2016-132479,MK-17905,442.372,-729.9138,-1.6500000000000001
CA-2014-148383,RP-19390,946.764,-694.2936,-0.7333333333333333
CA-2017-118892,TP-21415,4416.174,-630.882,-0.14285714285714285
US-2014-115196,DL-12925,1299.99,-571.9956,-0.43999999999999995
CA-2017-142090,SC-20380,2165.658,-571.6885,-0.2639791232041255
US-2017-124968,MM-18055,765.625,-566.5625,-0.74
US-2015-155369,PG-18820,329.96,-564.9804,-1.7122693659837558
CA-2014-122882,SB-20290,539.0740000000001,-561.1412,-1.040935381784319
US-2017-110576,RB-19795,3629.936,-543.6026,-0.14975542268513825
CA-2014-126193,SS-20410,321.978,-536.1275999999999,-1.665106311611352
CA-2015-124975,MG-17875,796.425,-525.6405,-0.66
CA-2015-119879,SS-20410,1363.674,-504.2467,-0.36977070766180187
CA-2015-140221,MS-17365,257.32,-483.2092,-1.877853256645422
US-2017-142573,ML-17410,1298.896,-482.5883,-0.3715372901294638
CA-2017-159282,GH-14410,599.985,-479.988,-0.7999999999999999
US-2017-117247,CK-12760,719.095,-473.26980000000003,-0.6581464201531091
CA-2016-157749,KL-16645,677.949,-462.9528,-0.6828726054614729
CA-2017-155075,GW-14605,631.176,-462.8624,-0.7333333333333333
US-2016-100839,NC-18625,752.4100000000001,-461.2,-0.6129636767188101
US-2014-169789,MF-17665,551.985,-459.9875,-0.8333333333333334
CA-2014-130421,SC-20020,176.772,-459.6072,-2.6
CA-2015-101889,DB-13120,1568.862,-457.9902,-0.2919251023990638
CA-2017-102204,CJ-12010,3740.51,-457.7308,-0.12237122745294089
CA-2017-168389,DV-13045,873.811,-447.3414,-0.5119429716494757
CA-2014-169775,RA-19945,709.0425,-436.74309999999997,-0.6159618076490477
CA-2017-118773,TP-21415,397.74399999999997,-436.2648,-1.0968482239832655
CA-2017-161739,EB-13750,341.96,-427.45,-1.25
CA-2017-131282,CB-12025,251.112,-426.274,-1.6975453184236515
CA-2014-122931,SM-20950,2358.672,-413.5152,-0.17531695801705366
US-2014-134614,PF-19165,617.7,-407.682,-0.66
CA-2016-168032,DF-13135,2067.7960000000003,-397.12760000000003,-0.1920535681469545
CA-2016-109827,LW-16825,499.303,-393.3384,-0.7877749582918588
CA-2015-164007,MG-17695,145.504,-392.85949999999997,-2.6999910655377173
CA-2017-151750,JM-15250,954.902,-390.9563,-0.4094203384221627
CA-2014-122336,JD-15895,630.746,-388.396,-0.6157724345457601
US-2016-105452,BF-11005,327.42,-388.28,-1.1858774662512979
CA-2016-143406,LR-17035,547.997,-387.67589999999996,-0.7074416465783572
CA-2017-141117,JK-16090,374.618,-386.2183,-1.0309656770363411
US-2015-108966,SO-20335,979.9455,-380.51460000000003,-0.3883017984163405
CA-2017-136448,AS-10090,684.11,-378.93080000000003,-0.5539033196415781
US-2015-157154,MM-17920,1018.104,-373.3048,-0.36666666666666664
CA-2016-114867,FM-14290,1507.938,-372.3033,-0.24689562833485193
CA-2015-162950,DW-13585,498.492,-371.25,-0.7447461544016755
US-2016-131611,EP-13915,2007.9048,-366.6311,-0.18259386600400576
CA-2015-169397,JB-15925,627.924,-365.987,-0.5828523834094572
US-2017-119438,CD-11980,296.022,-364.3734,-1.2308997304254414
CA-2014-165764,SH-20395,1395.673,-362.66679999999997,-0.25985083898592287
US-2017-100930,CS-12400,1735.8505,-361.5705,-0.20829587571049465
CA-2017-100223,LS-16945,396.394,-359.7987,-0.9076794805168594
US-2017-139647,TS-21370,209.979,-356.9643,-1.6999999999999997
CA-2015-141243,AH-10465,1757.8536,-352.0866,-0.20029347153824414
CA-2016-112697,AH-10195,1410.066,-349.37050000000005,-0.24776889876076727
CA-2016-108987,AG-10675,2620.9376,-345.6218,-0.13186952638628252
US-2017-118087,SP-20620,2457.141,-344.0748,-0.14003054769750697
US-2016-146066,RB-19465,815.292,-339.705,-0.41666666666666663
CA-2015-134719,JD-15790,1801.632,-337.806,-0.18749999999999997
US-2017-117723,DL-13495,1801.632,-337.806,-0.18749999999999997
CA-2015-122756,DK-13225,485.29999999999995,-336.861,-0.6941294044920668
US-2014-122959,CY-12745,210.392,-336.6272,-1.6
CA-2015-104346,IM-15070,730.038,-332.41360000000003,-0.45533739339596024
CA-2014-140165,EH-14005,405.45599999999996,-329.56239999999997,-0.8128191468371414
CA-2016-155530,CM-12160,2003.52,-325.572,-0.1625
CA-2016-162236,ER-13855,1106.924,-322.89880000000005,-0.29170819315508567
CA-2016-164924,EA-14035,341.991,-319.1916,-0.9333333333333333
US-2017-151316,MC-17635,193.266,-317.02950000000004,-1.6403790630529946
US-2016-141544,PO-18850,1269.8700000000001,-316.8514,-0.24951483222692086
US-2017-112347,BS-11380,1915.624,-316.464,-0.1652015218017732
US-2015-101399,JS-15940,254.744,-312.0614,-1.2249999999999999
US-2016-115455,SE-20110,615.606,-308.50980000000004,-0.5011481369577295
CA-2015-139731,JE-15745,2717.31,-307.6095,-0.113203683054197
CA-2016-110898,LC-16870,309.082,-303.15700000000004,-0.980830329815389
CA-2016-160241,DR-12940,242.176,-302.72,-1.2500000000000002
CA-2017-105851,SE-20110,1332.496,-299.8116,-0.22499999999999998
CA-2017-107629,DB-13060,457.176,-299.65259999999995,-0.6554425429156385
CA-2016-145261,AH-10120,610.418,-298.70239999999995,-0.4893407468324983
US-2017-134481,AR-10405,1488.424,-297.6848,-0.2
US-2017-102890,SG-20470,1044.63,-295.9785,-0.2833333333333333
US-2016-127334,MP-18175,651.363,-295.9485,-0.45435264207515624
CA-2014-159520,GT-14635,1158.448,-292.18989999999997,-0.2522253048906813
CA-2014-146591,TS-21340,378.594,-287.9976,-0.7607030222349007
CA-2014-163468,JK-15730,1109.372,-284.74739999999997,-0.25667440678149434
CA-2017-109183,LR-16915,649.0,-272.58,-0.42
CA-2016-120824,AW-10930,546.616,-271.0642,-0.4958951073514131
CA-2016-162187,NS-18640,1252.636,-263.5685,-0.21041108510373324
US-2015-165743,MM-18055,160.27200000000002,-258.5952,-1.6134770889487868
CA-2017-154039,JK-16120,605.752,-258.4183,-0.4266074235000462
CA-2015-167010,VT-21700,1636.356,-257.9199,-0.15761845221944368
US-2017-155425,AB-10600,1475.0539999999999,-256.5716,-0.1739404794671924
CA-2015-135174,BP-11230,1022.97,-255.7425,-0.25
CA-2016-118073,CS-12490,562.2925,-255.5875,-0.45454545454545453
CA-2016-159023,NW-18400,184.149,-255.4524,-1.387204926445433
CA-2017-121839,MH-18115,1169.694,-253.4337,-0.21666666666666667
CA-2017-162691,AS-10045,1476.27,-251.2959,-0.17022353634497753
CA-2014-168984,NW-18400,1122.968,-249.494,-0.22217373959008627
CA-2014-105984,MY-18295,1661.028,-244.9116,-0.14744579862591117
US-2017-152366,SJ-20500,97.264,-243.16,-2.5
CA-2014-155796,TS-21430,545.928,-242.75119999999998,-0.44465790360633634
US-2014-115189,AR-10345,775.7280000000001,-242.43959999999998,-0.31253171214652553
CA-2014-153850,TH-21100,1537.5439999999999,-240.7248,-0.15656449506485667
US-2017-132059,AP-10915,228.572,-240.1842,-1.05080324799188
CA-2016-130911,DC-12850,320.12600000000003,-239.5436,-0.7482791150984299
CA-2016-129280,SM-20905,1043.041,-237.2885,-0.2274968098090104
US-2017-141558,MH-17290,987.188,-233.054,-0.23607863952965394
CA-2016-125080,VW-21775,661.176,-231.4116,-0.35
CA-2016-134936,ES-14080,471.624,-230.6928,-0.489145590555188
US-2015-130512,SM-20320,837.444,-230.1632,-0.2748401087117467
CA-2017-154760,BP-11290,274.491,-228.7425,-0.8333333333333334
CA-2014-142839,TS-21610,853.092,-227.4912,-0.26666666666666666
CA-2017-156237,PS-18760,517.257,-226.00869999999998,-0.43693695783720665
US-2016-110170,HM-14860,956.6648,-225.0976,-0.23529411764705882
CA-2016-168956,EA-14035,167.182,-224.60940000000002,-1.3435022909164864
CA-2014-134572,SV-20365,1190.53,-222.016,-0.18648501087750832
CA-2017-150910,JL-15130,1090.348,-220.5622,-0.20228605912974573
CA-2014-166863,SC-20020,1353.5296,-220.376,-0.16281579656625167
US-2016-160528,MH-18115,1416.304,-216.2264,-0.15266948338774727
CA-2016-129861,DM-13345,376.866,-213.5574,-0.5666666666666667
CA-2017-149888,EP-13915,710.322,-212.1348,-0.29864596619561273
CA-2014-114181,AF-10885,372.28499999999997,-211.6773,-0.5685893871630606
CA-2014-106229,NR-18550,268.935,-209.7693,-0.7799999999999999
US-2016-103646,SP-20545,195.976,-206.9232,-1.0558599012123935
CA-2016-127236,TB-21595,458.351,-204.94039999999998,-0.44712545625514066
US-2014-127978,JS-15595,362.24199999999996,-204.7542,-0.5652414684106206
US-2015-140200,CA-12775,393.165,-204.4458,-0.5199999999999999
US-2016-122245,AB-10105,393.165,-204.4458,-0.5199999999999999
US-2015-164238,JW-15955,346.158,-201.648,-0.5825316762865512
US-2017-161935,JL-15835,2610.73,-201.0476,-0.07700819311073914
CA-2015-143364,TG-21310,860.916,-199.99999999999997,-0.232310701624781
CA-2014-121629,BT-11680,998.85,-199.77,-0.2
CA-2016-130820,ON-18715,630.024,-199.5076,-0.31666666666666665
US-2017-125647,LC-16870,133.89600000000002,-199.314,-1.4885732210073488
CA-2017-116946,TS-21505,193.63400000000001,-197.232,-1.0185814474730677
US-2017-133200,DB-13555,1407.2048,-195.9448,-0.13924398211262495
CA-2015-168746,SV-20365,769.332,-191.64319999999998,-0.24910337799545576
CA-2016-113243,OT-18730,1388.78,-191.56,-0.1379340140266997
CA-2016-161907,JH-16180,887.966,-191.16740000000001,-0.2152868465684497
CA-2017-137449,ME-17725,738.7052,-190.5318,-0.2579267074334931
US-2014-130379,JL-15235,104.91999999999999,-190.509,-1.8157548608463592
CA-2015-112767,DK-12985,277.5,-188.7,-0.6799999999999999
US-2016-141264,CT-11995,244.3,-187.96040000000002,-0.7693835448219403
CA-2015-129217,DP-13390,107.75399999999999,-187.9406,-1.7441635577333556
CA-2014-145800,SS-20410,355.455,-184.8366,-0.52
CA-2015-105613,KN-16705,100.86,-183.1062,-1.8154491374182036
CA-2015-157133,LC-16885,151.96,-182.352,-1.2
CA-2017-127782,TH-21115,891.504,-181.3609,-0.20343251404368345
CA-2016-157707,CC-12610,227.65800000000002,-180.26250000000002,-0.7918127190786179
US-2014-140452,BK-11260,314.55,-180.1676,-0.5727788904784612
CA-2016-149272,MY-18295,550.8159999999999,-179.2486,-0.325423734967757
US-2017-116701,LC-17140,66.284,-178.9668,-2.6999999999999997
US-2015-165512,VS-21820,610.3069999999999,-176.59189999999998,-0.28934929469922516
CA-2017-132290,MD-17350,933.408,-173.3472,-0.1857142857142857
CA-2015-153388,PC-19000,1011.696,-172.5108,-0.1705164397210229
CA-2014-169684,FH-14365,426.942,-172.4535,-0.40392723133353003
CA-2016-131289,SP-20620,1475.584,-171.2236,-0.1160378534871617
US-2015-122784,RA-19915,1454.838,-169.703,-0.11664735180136895
CA-2017-103478,KL-16555,97.056,-169.41840000000002,-1.7455736894164195
CA-2014-103373,BS-11755,779.796,-168.9558,-0.21666666666666667
CA-2017-144526,QJ-19255,691.476,-167.366,-0.2420416616050304
CA-2016-140928,NB-18655,383.438,-167.3184,-0.43636363636363634
CA-2014-119172,HD-14785,122.05199999999999,-166.87859999999998,-1.3672746042670336
CA-2014-113880,VF-21715,651.588,-166.4388,-0.2554356433820144
US-2014-112872,RC-19960,328.914,-166.1292,-0.5050840037213375
CA-2017-132199,BO-11350,504.50600000000003,-164.4722,-0.326006430052368
CA-2017-150266,RO-19780,1240.418,-162.94140000000002,-0.1313600737815801
US-2015-154389,EH-14125,748.752,-162.2296,-0.21666666666666667
CA-2016-144540,GH-14410,91.23,-162.1275,-1.7771292338046694
CA-2014-133690,BS-11755,221.35,-161.5825,-0.7299864468037046
US-2014-159926,CS-11950,730.009,-161.257,-0.22089727660891853
US-2015-168935,DO-13435,459.4335,-158.0592,-0.3440306377310318
CA-2016-121223,GD-14590,737.394,-155.2983,-0.2106042359986656
CA-2017-105991,LH-17020,120.783,-152.8739,-1.2656905359197899
CA-2014-137274,MG-18145,890.841,-152.7156,-0.17142857142857143
CA-2017-147207,TS-21655,1322.75,-151.3382,-0.11441179361179361
US-2015-120161,LM-17065,646.776,-145.5246,-0.225
CA-2016-159912,GB-14530,419.87,-143.5582,-0.3419110677114345
US-2016-100720,CK-12205,644.198,-143.42079999999999,-0.2226346558045818
US-2014-117380,MP-18175,330.588,-143.2548,-0.4333333333333333
CA-2017-115651,NS-18640,67.304,-143.1765,-2.1273104124569118
CA-2017-153045,NS-18505,1370.535,-143.0117,-0.10434735340578678
CA-2015-102876,LR-17035,806.4090000000001,-142.9152,-0.17722421252738993
CA-2016-164784,HF-14995,377.346,-142.787,-0.37839807497628175
CA-2015-163181,AB-10105,671.0020000000001,-142.6601,-0.2126075630176959
CA-2017-135937,KM-16375,882.99,-142.1216,-0.16095493720200682
US-2015-168704,FP-14320,1061.328,-140.5778,-0.1324546228875522
CA-2015-113404,EM-13810,2048.8559999999998,-140.3973,-0.06852472794574144
CA-2014-138317,NW-18400,385.261,-137.9707,-0.35812267527727953
US-2015-138303,MG-18145,755.096,-137.481,-0.18207088899954443
CA-2017-142909,AG-10330,182.55,-135.087,-0.7399999999999999
CA-2016-154018,HA-14920,362.342,-133.22269999999997,-0.36767115046006255
CA-2015-146563,CB-12025,2645.021,-133.18769999999998,-0.05035411817146252
CA-2014-129147,LC-17050,609.4380000000001,-131.5086,-0.21578667559292328
US-2017-152380,JH-15910,219.075,-131.445,-0.6
CA-2017-163160,TS-21610,170.572,-131.409,-0.7704019417020378
US-2015-134026,JE-15745,1001.76,-131.3742,-0.13114338763775754
CA-2014-155887,KT-16480,700.056,-130.0104,-0.18571428571428572
CA-2015-121720,JE-15610,3165.744,-129.5882,-0.04093451649912311
CA-2016-164770,MY-18295,812.6800000000001,-128.346,-0.15792932027366244
US-2015-118983,HP-14815,71.354,-127.674,-1.7893040334108812
CA-2017-109085,CK-12325,1448.853,-127.2337,-0.08781684546327335
CA-2014-114251,MD-17350,1476.834,-127.15079999999999,-0.08609688021808815
CA-2015-124800,RW-19540,1044.075,-126.5346,-0.12119301774297822
CA-2015-137064,TS-21655,692.2139999999999,-126.35340000000001,-0.18253516975964082
US-2014-100853,JB-15400,72.608,-124.56800000000001,-1.7156236227412958
CA-2017-137785,MH-18115,458.43,-124.431,-0.2714285714285714
CA-2016-133816,CS-12400,743.988,-123.998,-0.16666666666666666
CA-2017-133102,ED-13885,143.808,-123.5122,-0.858868769470405
CA-2017-121300,MG-17680,693.13,-123.27420000000001,-0.1778514852913595
CA-2017-134194,GA-14725,160.162,-122.60159999999999,-0.7654849464916771
CA-2015-123456,KN-16450,48.632,-121.58,-2.5
CA-2014-158281,AG-10525,559.71,-121.2705,-0.21666666666666665
CA-2017-101581,DW-13195,177.225,-120.513,-0.68
CA-2017-102337,SD-20485,683.022,-120.46860000000001,-0.1763758707625816
CA-2016-130288,DK-13225,313.176,-120.0508,-0.38333333333333336
CA-2015-133445,JF-15490,357.462,-118.41900000000001,-0.33127717072024443
CA-2016-155747,JS-15685,337.176,-118.0116,-0.35000000000000003
CA-2014-127446,MC-17590,1273.6229999999998,-117.8601,-0.09253923649305958
CA-2015-129525,VP-21760,166.92,-116.844,-0.7000000000000001
US-2015-126753,SP-20860,832.446,-115.9042,-0.1392332956131689
CA-2014-143903,KM-16375,1340.9759999999999,-115.8528,-0.08639438737158608
US-2015-136476,GG-14650,157.794,-115.7156,-0.7333333333333333
CA-2016-139157,GM-14680,330.588,-115.7058,-0.35
US-2016-126893,CT-11995,494.982,-115.4958,-0.23333333333333334
CA-2015-143147,PS-18760,610.1560000000001,-113.0912,-0.1853480093615403
CA-2017-140326,HW-14935,849.846,-111.468,-0.1311625871040165
CA-2015-120341,SF-20200,166.998,-110.0988,-0.659282147091582
CA-2015-104871,DR-12940,366.744,-110.0232,-0.3
CA-2016-109400,NR-18550,366.744,-110.0232,-0.3
CA-2014-142587,TB-21520,531.382,-109.1754,-0.20545558562390145
CA-2015-122210,WB-21850,258.495,-108.9542,-0.42149441962126927
CA-2015-106208,JW-16075,53.088,-108.8304,-2.05
CA-2015-131884,DK-13375,594.002,-108.6522,-0.18291554573890323
CA-2016-127243,DS-13180,740.0880000000001,-108.6367,-0.1467888953746041
CA-2014-129938,EB-13705,445.802,-108.2662,-0.24285714285714283
CA-2017-161557,AG-10900,108.4,-105.69,-0.975
US-2015-138919,LS-16975,344.22,-103.266,-0.3
CA-2016-165316,JB-15400,324.387,-102.3419,-0.31549322260139895
CA-2015-136147,FM-14380,233.064,-102.3195,-0.4390188960972094
CA-2016-104276,HF-14995,447.783,-99.7584,-0.22278291047225998
CA-2017-102750,GM-14695,1322.352,-99.1764,-0.075
CA-2016-106383,BT-11440,72.294,-98.8018,-1.3666666666666667
CA-2017-144491,CJ-12010,1875.128,-98.07039999999999,-0.0523006429427751
CA-2016-104969,EH-14125,129.976,-97.7039,-0.751707238259371
US-2017-113992,LC-16885,974.988,-97.4988,-0.09999999999999999
US-2016-152051,TS-21160,714.498,-96.8898,-0.13560541806974966
CA-2015-109001,KN-16390,479.026,-96.3098,-0.20105338749879964
CA-2017-154011,DB-13270,464.373,-95.9823,-0.2066922495493924
CA-2017-106432,CA-12265,330.4712,-95.281,-0.2883186189900966
US-2016-120929,RO-19780,189.882,-94.941,-0.5
CA-2017-152926,SC-20695,37.208,-94.8804,-2.55
CA-2014-121769,JS-15880,172.11,-94.6605,-0.5499999999999999
CA-2015-110891,PO-19195,344.372,-93.4724,-0.2714285714285714
US-2015-123918,CG-12520,136.72,-93.3772,-0.682981275599766
US-2015-147662,KB-16315,427.548,-92.83680000000001,-0.21713772488703026
US-2016-157945,NF-18385,756.486,-92.7666,-0.12262831037190378
US-2017-116659,NG-18355,370.782,-92.6955,-0.25
CA-2015-135251,RP-19270,467.6532,-91.21629999999999,-0.19505116184386204
CA-2016-145303,TP-21415,179.5368,-91.1114,-0.5074803605723173
CA-2015-163965,SS-20875,377.902,-91.074,-0.24099898915591875
CA-2017-144680,SC-20260,33.62,-90.774,-2.7
CA-2015-119550,RB-19705,275.058,-90.3762,-0.32857142857142857
US-2016-100566,JK-16120,83.952,-90.2484,-1.0750000000000002
US-2014-141215,KL-16555,906.43,-90.1178,-0.09942058404951293
CA-2014-159835,RB-19330,670.3779999999999,-90.1,-0.13440178526144952
US-2016-111563,SM-20005,77.488,-89.9808,-1.161222382820566
US-2014-112914,MT-18070,340.31280000000004,-89.928,-0.2642510067208756
CA-2017-159793,SV-20365,130.98,-89.0664,-0.68
CA-2016-108875,CL-12700,532.496,-88.31899999999999,-0.16585852288092304
CA-2014-120544,SS-20140,46.088,-88.0328,-1.9101024127755597
CA-2015-111339,VP-21760,366.666,-87.3009,-0.2380937965341755
CA-2016-119186,MS-17710,477.142,-87.1517,-0.18265359159327832
CA-2014-164210,PW-19240,181.78799999999998,-86.73360000000001,-0.4771140009241535
US-2016-155173,JB-16045,502.221,-85.99849999999999,-0.17123636805310807
CA-2015-120397,RB-19435,32.784,-85.2384,-2.6
US-2014-105137,RB-19435,120.258,-84.7894,-0.7050624490678375
US-2017-132381,Dp-13240,314.532,-83.8752,-0.2666666666666667
CA-2016-120796,CS-11950,99.846,-83.205,-0.8333333333333333
CA-2014-103191,VG-21805,331.536,-82.884,-0.25
CA-2016-125087,TH-21115,2027.1879999999999,-82.8626,-0.04087563659611245
CA-2015-107083,BB-11545,39.608000000000004,-82.59320000000001,-2.0852656029085033
CA-2016-145730,CC-12220,962.406,-82.0947,-0.08530152555158635
CA-2017-141425,AR-10825,384.592,-81.7258,-0.21250000000000002
CA-2017-152135,MG-17650,445.44,-81.664,-0.18333333333333335
US-2017-111024,SZ-20035,279.004,-81.6628,-0.2926940115553899
CA-2017-113453,CM-12160,401.36400000000003,-81.4582,-0.2029534288077655
CA-2017-124765,HZ-14950,723.92,-81.441,-0.11250000000000002
CA-2017-141705,PO-18850,517.405,-81.3065,-0.15714285714285714
CA-2015-164084,AG-10525,654.772,-80.6772,-0.12321418753398128
CA-2016-158211,BP-11185,109.252,-79.594,-0.7285358620437155
US-2014-115987,LH-17020,51.184,-79.3352,-1.55
US-2014-160444,DC-12850,502.2,-79.3332,-0.15797132616487455
US-2015-122140,MO-17950,130.288,-79.3074,-0.6087083998526341
CA-2014-129189,HM-14860,751.886,-79.1232,-0.10523297414767664
CA-2015-130365,ZC-21910,349.082,-79.0382,-0.22641728877455727
CA-2017-115119,SC-20440,142.98000000000002,-78.4845,-0.5489194292908098
CA-2015-101868,MJ-17740,175.32,-77.9315,-0.4445100387862195
CA-2016-144645,NS-18640,73.784,-77.4732,-1.05
CA-2017-162565,RR-19315,608.552,-77.3036,-0.12702875021362184
CA-2017-157413,BW-11065,324.744,-77.1267,-0.2375
CA-2017-130505,NF-18385,673.344,-76.9536,-0.11428571428571427
CA-2016-168046,JD-15895,831.502,-76.43669999999999,-0.09192605670220877
CA-2015-122266,SA-20830,194.1395,-76.1798,-0.3923972195251353
US-2017-119816,TT-21460,114.684,-76.1086,-0.6636374734051829
CA-2016-129847,TA-21385,84.272,-75.8448,-0.9
US-2016-109260,TN-21040,431.976,-75.5958,-0.175
US-2017-106551,EB-13930,526.344,-75.192,-0.14285714285714282
US-2017-106663,MO-17800,169.253,-74.9161,-0.44262790024401344
CA-2017-106068,RB-19330,337.81800000000004,-74.3062,-0.21995926800821744
CA-2015-149650,RD-19660,454.272,-73.8192,-0.1625
CA-2017-147760,KL-16555,1883.7240000000002,-73.0503,-0.038779725692298865
CA-2017-152583,RA-19945,321.39,-72.56660000000001,-0.2257898503375961
CA-2016-163398,CB-12415,55.972,-72.1581,-1.2891820910455227
CA-2014-105417,VS-21820,87.15799999999999,-71.9621,-0.8256511163633863
CA-2015-131352,GH-14485,72.78,-70.9605,-0.975
CA-2014-103849,PG-18895,225.016,-70.7293,-0.3143300920823408
CA-2016-158778,DB-13210,1024.637,-70.4747,-0.0687801631211834
CA-2015-161263,TS-21160,239.204,-70.1181,-0.29313096770957003
CA-2014-153976,BP-11290,258.279,-70.1043,-0.2714285714285714
US-2017-164056,FM-14215,1048.35,-69.89,-0.06666666666666668
CA-2016-113978,TS-21505,642.016,-69.8378,-0.10877890893684894
US-2017-144582,TC-21475,43.372,-69.3952,-1.6
CA-2014-152100,VW-21775,1212.96,-69.312,-0.05714285714285714
US-2017-158218,AC-10420,162.16,-69.062,-0.42588801184015784
US-2015-147739,JD-16150,547.136,-68.392,-0.125
US-2017-122637,EP-13915,42.616,-68.1856,-1.5999999999999999
CA-2017-148999,EB-13870,419.136,-68.1096,-0.16249999999999998
CA-2016-135636,DB-13615,387.72,-67.851,-0.175
CA-2017-117653,MO-17500,91.275,-67.5435,-0.7399999999999999
CA-2014-120411,SB-20185,504.55,-67.015,-0.1328213259340006
US-2017-160836,CC-12475,524.018,-66.8442,-0.12756088531309992
CA-2017-164168,LS-16975,256.36,-66.7672,-0.26044312685286314
US-2015-107349,SL-20155,41.568,-66.5088,-1.5999999999999999
CA-2017-126123,AG-10765,40.852000000000004,-66.0118,-1.6158768236561243
CA-2014-112326,PO-19195,288.06,-65.9901,-0.22908456571547595
CA-2015-102260,SJ-20125,763.5079999999999,-65.819,-0.08620603844360505
US-2014-140914,BH-11710,808.928,-64.9594,-0.08030306776375648
CA-2014-137589,MS-17770,286.344,-64.4274,-0.22500000000000003
CA-2017-121216,MM-17920,57.984,-64.352,-1.109823399558499
CA-2015-139584,EM-13810,310.364,-64.1304,-0.20662963488033406
CA-2017-163006,GH-14410,1584.866,-63.961200000000005,-0.04035748132649701
CA-2017-112529,SC-20770,749.8919999999999,-63.0732,-0.08410971179849899
CA-2016-131093,TS-21610,295.4,-62.7725,-0.21250000000000002
CA-2017-100356,SP-20920,23.992,-62.3792,-2.5999999999999996
US-2017-169551,RL-19615,1344.838,-62.289500000000004,-0.04631747466981154
CA-2014-108273,EJ-13720,92.856,-62.2518,-0.6704122512277075
CA-2017-113481,AS-10045,740.214,-61.5156,-0.08310515607648598
CA-2014-131009,SC-20380,574.194,-61.157700000000006,-0.1065105173512785
US-2017-147669,SV-20935,484.323,-60.5964,-0.1251156769346077
CA-2015-118738,AG-10495,373.281,-60.4002,-0.16180893214495246
CA-2017-161340,AM-10360,129.832,-59.909000000000006,-0.46143477725060084
CA-2017-165204,MN-17935,728.968,-59.6666,-0.08185078082988555
CA-2017-164042,KL-16645,70.148,-59.6544,-0.8504077094143812
US-2016-151827,CS-11950,312.76599999999996,-59.636700000000005,-0.19067513732311062
CA-2014-126200,JE-15715,38.064,-59.6184,-1.566267339218159
US-2017-147655,AS-10045,88.074,-58.716,-0.6666666666666667
US-2017-167570,EG-13900,215.544,-58.5048,-0.2714285714285714
CA-2015-128608,CS-12490,389.43399999999997,-58.142,-0.14929872584314674
US-2016-158288,EH-13945,78.759,-57.7566,-0.7333333333333333
CA-2014-120852,WB-21850,84.872,-57.7316,-0.6802196248468282
US-2014-164616,MS-17770,85.96,-57.7136,-0.6714006514657981
CA-2017-129490,SJ-20125,419.136,-57.6312,-0.13749999999999998
CA-2017-126144,GM-14680,285.576,-57.1152,-0.19999999999999998
CA-2017-113908,KN-16390,508.78799999999995,-57.02040000000001,-0.1120710394113069
US-2016-135923,CM-11935,530.272,-56.9024,-0.10730794761933497
US-2017-156356,ND-18370,61.486,-56.785799999999995,-0.9235565819861431
CA-2017-169894,MV-17485,436.596,-56.784800000000004,-0.1300625750121394
CA-2016-136770,SP-20650,787.044,-56.7554,-0.07211210554937209
CA-2014-157924,HA-14920,465.488,-56.736000000000004,-0.12188498951637852
US-2015-156867,LC-16870,378.138,-56.5317,-0.1495001824730654
CA-2015-150714,KH-16690,1215.269,-56.351399999999984,-0.0463694869201798
CA-2015-154823,KN-16390,637.27,-55.6242,-0.08728513816749572
CA-2017-166576,JM-15865,221.024,-55.256,-0.25
CA-2017-166835,DK-13375,221.024,-55.256,-0.25
CA-2017-166695,CC-12430,868.452,-55.2156,-0.06357933426372442
CA-2017-118402,JO-15280,243.92,-54.882,-0.225
US-2017-150595,LE-16810,205.922,-54.7089,-0.26567778090733385
CA-2017-125451,AH-10075,1169.98,-54.1212,-0.04625822663635276
CA-2017-155740,TC-21475,76.776,-53.7432,-0.7000000000000001
CA-2017-111220,JS-15595,257.508,-53.7226,-0.2086249747580658
CA-2017-130526,GT-14755,33.568,-53.7088,-1.6
US-2016-156097,EH-14125,703.68,-53.56,-0.07611414279217828
CA-2014-149524,BS-11590,61.96,-53.2856,-0.86
US-2017-139969,AF-10870,233.058,-53.2704,-0.2285714285714286
US-2015-168914,JE-15745,20.768,-52.9584,-2.55
CA-2014-138023,KH-16510,30.96,-52.632,-1.7
CA-2017-168739,HZ-14950,65.424,-52.3392,-0.7999999999999999
US-2017-125717,DS-13030,535.264,-52.2346,-0.0975866114664913
CA-2017-166849,SJ-20125,44.4,-52.17,-1.175
US-2017-166324,BE-11455,979.626,-52.07,-0.053152937957955386
US-2016-166660,TB-21250,483.748,-52.062799999999996,-0.10762380412942275
CA-2017-159149,CR-12820,702.8424,-52.062599999999996,-0.07407435863288839
CA-2015-113628,AH-10690,792.5079999999999,-51.941900000000004,-0.06554116803868228
US-2014-147774,MM-18280,67.194,-51.5154,-0.7666666666666666
CA-2014-126802,ZC-21910,38.976,-50.6688,-1.3
CA-2015-123092,JG-15115,288.85,-50.5032,-0.1748423056949974
US-2017-160465,SW-20350,466.81399999999996,-50.25,-0.10764458649483521
CA-2014-169649,TS-21205,28.836000000000002,-50.052,-1.7357469829379941
US-2017-122672,HG-14965,265.072,-49.9172,-0.18831562745216393
CA-2016-130393,JM-15865,345.324,-49.83,-0.1442992667755499
CA-2017-152807,MC-18100,481.472,-49.569599999999994,-0.10295427356107935
CA-2017-112004,AH-10075,199.49099999999999,-49.254599999999996,-0.24690136397130696
US-2017-119662,CS-12400,230.376,-48.9549,-0.2125
US-2017-166611,CK-12760,68.742,-48.1194,-0.7
CA-2017-111717,SW-20245,239.358,-47.8716,-0.2
CA-2015-162621,CA-12055,89.86,-47.729,-0.5311484531493434
CA-2017-123036,HA-14905,296.952,-47.51,-0.15999218728952827
CA-2017-149895,EB-14110,258.528,-47.3968,-0.18333333333333332
US-2014-117744,MD-17860,114.78399999999999,-47.3384,-0.4124128798438807
CA-2016-133669,SV-20935,235.152,-47.0304,-0.2
CA-2014-103702,AF-10885,63.924,-46.8776,-0.7333333333333334
US-2017-110996,KA-16525,283.92,-46.137,-0.1625
CA-2017-121293,JC-15775,477.092,-46.1199,-0.09666877667200456
US-2016-144057,CV-12805,1013.7919999999999,-46.03800000000001,-0.045411682080742415
US-2017-108014,JH-15430,59.913,-45.9333,-0.7666666666666667
CA-2014-138177,ND-18460,73.915,-45.8273,-0.62
CA-2016-155551,CR-12580,240.04,-45.6933,-0.1903570238293618
CA-2016-136231,DM-13015,228.586,-45.4718,-0.19892644343923074
US-2014-158057,CC-12685,59.109,-45.3169,-0.7666666666666666
CA-2017-147767,SV-20935,67.86,-45.24,-0.6666666666666667
US-2015-117184,ON-18715,47.368,-44.989200000000004,-0.9497804424928222
US-2017-107979,FO-14305,197.29999999999998,-44.432100000000005,-0.22520070957932087
US-2017-129203,BM-11575,195.136,-43.9056,-0.225
CA-2015-168088,CM-12655,449.0496,-43.8962,-0.09775356664386295
CA-2017-157350,DP-13000,64.96,-43.848,-0.675
US-2014-159611,KB-16315,300.512,-43.3442,-0.1442345064423384
US-2014-103905,AW-10930,68.204,-42.5674,-0.6241188200105566
US-2014-102631,EB-13840,94.428,-42.4926,-0.45000000000000007
CA-2015-129896,PF-19120,496.896,-41.9724,-0.08446918469860897
CA-2014-112158,DP-13165,1050.6,-41.93959999999999,-0.03991966495335998
CA-2015-157812,DB-13210,162.072,-41.7939,-0.2578724270694506
CA-2017-143378,JR-16210,697.612,-41.105,-0.058922438260809736
CA-2016-116799,JG-15310,606.2139999999999,-40.833800000000004,-0.06735872150758644
CA-2016-150483,BP-11290,252.007,-40.7078,-0.1615344018221716
CA-2017-122700,LT-17110,220.752,-40.4712,-0.18333333333333335
CA-2016-118969,LP-17095,54.792,-40.1808,-0.7333333333333333
US-2015-157014,BM-11785,139.544,-40.1648,-0.28782892851000397
CA-2017-125199,HM-14860,456.512,-40.1114,-0.08786494111874388
CA-2015-157322,RH-19600,1305.81,-39.8683,-0.03053147088780144
CA-2014-148915,ND-18370,599.896,-39.7414,-0.06624714950591436
CA-2015-132388,KN-16390,393.18600000000004,-39.416399999999996,-0.10024873723886403
CA-2015-142237,CK-12595,676.734,-39.3858,-0.05819982445096596
CA-2017-110821,CK-12205,237.608,-38.5469,-0.16222896535470185
CA-2016-134334,DK-13090,573.741,-38.3121,-0.06677594942665768
CA-2017-135076,YS-21880,436.704,-38.2116,-0.0875
US-2016-150147,JL-15850,108.42,-37.9432,-0.3499649511160302
CA-2016-132066,NB-18655,142.182,-37.9152,-0.26666666666666666
US-2016-148901,MK-17905,191.018,-37.6126,-0.19690605073867384
CA-2014-127166,KH-16360,186.90800000000002,-37.6056,-0.20119845057461425
US-2017-154872,DP-13000,87.994,-37.027,-0.42079005386730917
CA-2014-151162,EA-14035,362.466,-36.781800000000004,-0.10147655228352453
CA-2017-165386,CM-12190,183.372,-36.6744,-0.19999999999999998
CA-2015-130792,RA-19915,44.66,-36.523900000000005,-0.8178213166144203
CA-2017-125269,AF-10870,83.214,-36.4485,-0.4380092292162377
CA-2017-154907,DS-13180,205.3328,-36.2352,-0.17647058823529413
CA-2017-137624,ME-17320,241.424,-36.2136,-0.15
CA-2014-136742,GP-14740,44.91,-35.928,-0.8
CA-2015-118423,DP-13390,359.058,-35.9058,-0.1
CA-2016-134222,NZ-18565,44.856,-35.8848,-0.7999999999999999
CA-2017-166142,MM-17260,336.993,-35.7744,-0.1061576946702157
CA-2017-120061,SR-20425,155.372,-35.5136,-0.22857142857142854
US-2014-143721,DK-12835,155.372,-35.5136,-0.22857142857142854
US-2015-100531,NM-18520,39.368,-35.3712,-0.8984759195285511
CA-2014-124394,TB-21520,130.756,-35.2444,-0.2695432714368748
US-2017-118556,TH-21235,110.43299999999999,-35.2443,-0.3191464507891663
US-2017-105830,DB-13660,156.512,-35.2152,-0.225
US-2014-138758,JL-15835,241.19400000000002,-34.6598,-0.143700921250114
US-2016-159856,EP-13915,307.92,-34.641,-0.11249999999999999
CA-2017-128944,KH-16330,921.228,-34.634100000000004,-0.03759557894462609
CA-2017-121160,FM-14290,65.84,-34.463,-0.5234356014580802
CA-2014-168312,GW-14605,513.861,-34.445100000000004,-0.06703194054423278
CA-2017-140627,DK-12985,303.32,-34.4301,-0.11351081366213901
CA-2017-117870,JH-15820,193.974,-34.2405,-0.17652108014476167
CA-2017-101322,JG-15310,340.704,-34.0704,-0.09999999999999999
US-2016-127971,DW-13195,448.418,-34.0652,-0.07596751245489698
US-2015-129637,MC-18100,234.688,-34.0126,-0.144926881647123
CA-2017-155089,DB-12910,45.66,-33.484,-0.7333333333333334
US-2014-161305,SB-20170,38.572,-33.3918,-0.8657005081406202
CA-2014-140228,GB-14530,211.57600000000002,-33.1954,-0.15689586720611032
CA-2016-159940,BF-11020,339.98,-33.0869,-0.09732013647861638
CA-2017-142489,TC-21295,21.99,-32.985,-1.5
CA-2017-146346,RA-19945,146.352,-32.9292,-0.225
CA-2016-126627,WB-21850,30.392,-32.5272,-1.0702553303500921
CA-2015-139094,MO-17800,206.962,-32.5226,-0.15714285714285714
CA-2016-146010,EH-14125,40.635,-32.508,-0.8000000000000002
CA-2016-144148,AH-10690,863.128,-32.3673,-0.0375
CA-2017-135650,AC-10660,143.728,-32.3388,-0.22499999999999998
US-2016-126844,BW-11110,51.712,-32.32,-0.625
CA-2015-100734,AC-10615,150.76,-32.2976,-0.21423189174847443
CA-2016-101693,LC-17140,117.958,-32.2586,-0.2734753047694942
US-2017-126060,DW-13585,198.272,-32.2192,-0.1625
CA-2017-112809,RA-19915,228.188,-32.0998,-0.14067260329202239
CA-2017-134404,DR-12880,177.636,-31.974200000000003,-0.179998423742935
CA-2017-101049,AS-10240,59.176,-31.916000000000004,-0.5393402730836826
CA-2016-167605,RB-19570,30.344,-31.8612,-1.05
CA-2017-141992,FO-14305,164.768,-31.797800000000002,-0.19298528840551565
CA-2017-130141,HA-14905,582.304,-31.491200000000003,-0.0540803429136671
US-2017-104661,TB-21250,147.636,-31.3862,-0.21259177978270882
US-2016-161844,DK-12835,82.92,-31.386,-0.3785094066570188
US-2016-128902,MB-18085,244.006,-31.3722,-0.12857142857142856
CA-2014-101602,MC-18100,803.9599999999999,-30.961,-0.03851062241902582
CA-2017-165757,PL-18925,50.415000000000006,-30.7927,-0.6107844887434295
US-2014-117058,LE-16810,17.46,-30.555,-1.75
CA-2017-135692,CV-12805,253.3856,-30.5176,-0.1204393619842643
CA-2016-118129,CL-12565,303.92,-30.392,-0.09999999999999999
CA-2016-139689,MP-17965,40.896,-29.8968,-0.7310446009389671
CA-2015-133585,CM-12715,1283.3264,-29.893200000000004,-0.023293528442958865
US-2015-145422,PW-19240,359.499,-29.6058,-0.08235294117647057
CA-2016-103919,TP-21565,38.08,-29.512,-0.775
CA-2017-120705,MG-17875,147.184,-29.4368,-0.2
US-2014-155894,CL-11890,123.552,-29.3436,-0.2375
US-2015-125374,JD-16060,107.772,-29.2524,-0.2714285714285714
CA-2015-130848,DG-13300,582.336,-29.1168,-0.05
CA-2017-122539,SC-20305,422.909,-28.9195,-0.0683823233839904
CA-2017-150959,TD-20995,28.775999999999996,-28.695,-0.9971851542952461
US-2017-150070,JA-15970,161.568,-28.2744,-0.175
CA-2017-105410,ND-18370,976.8280000000001,-27.878,-0.02853931295990696
CA-2016-147368,TC-21295,695.7,-27.828,-0.039999999999999994
CA-2015-133452,ZC-21910,910.792,-27.7534,-0.03047172131507523
CA-2015-120901,BG-11035,162.064,-27.4784,-0.16955276927633528
US-2014-157385,SC-20095,1037.19,-27.319900000000004,-0.026340304090860887
CA-2016-142398,BP-11290,651.496,-27.291600000000003,-0.04189066394881934
CA-2015-104129,ES-14080,599.9,-27.1642,-0.04528121353558927
CA-2014-142965,SW-20245,53.344,-27.0848,-0.5077384523095381
CA-2015-114923,LH-17020,107.982,-26.9955,-0.25
CA-2017-106831,FH-14350,189.918,-26.916199999999996,-0.14172537621499803
CA-2017-163125,MB-17305,321.202,-26.7895,-0.08340390159463515
US-2017-133312,BD-11500,369.97900000000004,-26.7762,-0.07237221572035168
CA-2016-140641,EP-13915,38.19,-26.733,-0.7000000000000001
CA-2016-111976,BD-11620,114.55999999999999,-26.680799999999998,-0.23289804469273745
CA-2015-168809,MC-18100,31.782,-26.6026,-0.8370335409980492
US-2016-129469,KL-16555,537.616,-26.328200000000002,-0.04897212880569031
CA-2016-106243,GM-14680,523.92,-26.196,-0.05000000000000001
CA-2014-102869,LC-17140,233.24399999999997,-26.0068,-0.11150040301143867
CA-2015-137512,AG-10675,259.942,-25.9938,-0.0999984611951897
CA-2014-123295,AH-10120,259.136,-25.9136,-0.09999999999999999
CA-2017-154732,AH-10195,16.03,-25.648,-1.5999999999999999
CA-2017-104850,TW-21025,291.136,-25.4744,-0.0875
CA-2017-145702,AH-10075,342.23999999999995,-25.255200000000002,-0.07379382889200563
US-2016-149790,SC-20380,15.624,-24.9984,-1.5999999999999999
US-2014-160780,SV-20785,36.252,-24.9072,-0.6870572658060244
CA-2016-169922,MZ-17515,22.16,-24.8936,-1.1233574007220217
CA-2014-163867,RE-19450,210.176,-24.8722,-0.11833986753958588
US-2016-148110,AR-10825,347.802,-24.843,-0.07142857142857142
CA-2017-103765,JG-15310,13.762,-24.7716,-1.7999999999999998
US-2017-124926,ME-17320,9.324,-24.7086,-2.65
CA-2016-117590,GH-14485,1288.4640000000002,-24.4893,-0.019006584584435417
CA-2016-124254,TB-21175,191.808,-24.403200000000002,-0.12722722722722724
CA-2016-133872,VM-21835,58.4,-24.316,-0.4163698630136986
US-2014-110674,SC-20095,129.568,-24.294,-0.1875
CA-2016-131296,MS-17830,239.372,-23.9372,-0.09999999999999999
CA-2014-115336,AB-10600,14.48,-23.892,-1.65
CA-2017-156895,DJ-13510,128.058,-23.7822,-0.18571428571428572
US-2016-150567,RP-19855,29.97,-23.7792,-0.7934334334334334
CA-2017-103499,ES-14020,209.568,-23.5764,-0.11249999999999999
CA-2014-107398,BS-11590,30.246000000000002,-23.544,-0.7784169807577861
CA-2014-105648,EJ-14155,626.352,-23.4882,-0.0375
CA-2017-157469,ES-14080,170.916,-23.4718,-0.13732944838400152
CA-2014-120775,RD-19930,57.908,-23.2796,-0.402010084962354
CA-2015-104948,KH-16510,723.164,-23.258799999999997,-0.03216255233944167
CA-2015-119627,SC-20725,329.44,-23.007600000000004,-0.06983851384167072
CA-2017-114524,EG-13900,13.468,-22.8956,-1.7000000000000002
US-2017-136679,XP-21865,212.992,-22.788200000000003,-0.10699087289663464
CA-2014-139598,MG-17695,361.608,-22.6371,-0.06260121457489878
CA-2016-129308,CC-12100,85.209,-22.3352,-0.26212254574047344
US-2014-150574,MK-18160,252.61200000000002,-22.2742,-0.08817554193783352
US-2016-156986,ZC-21910,132.709,-22.145899999999997,-0.16687564520868967
CA-2016-124793,MM-18280,196.784,-22.1382,-0.11250000000000002
US-2016-112977,CJ-12010,176.784,-22.098,-0.125
CA-2015-141250,PM-18940,301.742,-21.712200000000003,-0.07195617448018507
CA-2017-118885,JG-15160,695.944,-21.598200000000002,-0.031034393571896593
CA-2017-146024,SC-20770,19.198,-21.5615,-1.1231117824773413
US-2014-150119,LB-16795,592.568,-21.5416,-0.03635295864778388
CA-2014-160157,MH-17455,190.848,-21.4704,-0.1125
US-2017-123834,GM-14500,124.404,-21.3264,-0.17142857142857143
CA-2017-168102,CP-12340,113.568,-21.294,-0.1875
CA-2014-124429,MH-17785,926.44,-21.169600000000003,-0.02285048141271966
CA-2017-113873,KE-16420,267.7912,-21.0854,-0.07873821096436327
CA-2017-134495,BF-11020,269.4,-20.9436,-0.07774164810690423
CA-2017-100615,SJ-20215,347.378,-20.7596,-0.05976083689813402
CA-2016-118178,CC-12610,31.086,-20.724,-0.6666666666666667
US-2016-134908,JS-15940,132.168,-20.718,-0.15675503904122026
CA-2015-143077,SF-20965,28.524,-20.631,-0.7232856541859487
US-2017-127341,CK-12595,12.128,-20.6176,-1.7
US-2014-134971,BP-11095,12.462,-20.5623,-1.6500000000000001
CA-2015-112130,SV-20785,1058.1879999999999,-20.4353,-0.019311596805104577
CA-2017-117667,MS-17980,588.008,-20.3828,-0.03466415422919416
CA-2016-134544,AC-10660,84.784,-20.1362,-0.23749999999999996
CA-2014-154963,AA-10645,1106.77,-20.0355,-0.0181026771596628
US-2017-119319,LC-17050,30.56,-19.864,-0.65
CA-2015-112214,AH-10690,72.65,-19.77,-0.2721266345492085
US-2014-127635,SC-20260,31.408,-19.627,-0.6249044829342842
CA-2016-166240,DH-13075,8.712,-19.602,-2.25
CA-2015-102316,DH-13075,200.73600000000002,-19.585800000000003,-0.09756994261119083
US-2016-101196,FM-14215,82.368,-19.5624,-0.23750000000000002
CA-2015-101091,SW-20245,74.048,-19.3826,-0.2617572385479689
CA-2014-130673,MC-17590,108.44399999999999,-19.3413,-0.17835288259378115
US-2014-161613,MC-17605,674.058,-19.2588,-0.028571428571428574
CA-2017-140298,JK-16120,94.508,-19.1493,-0.20262094214246415
CA-2017-109757,MD-17350,49.704,-19.1424,-0.38512795750844997
CA-2014-100090,EB-13705,699.192,-19.089,-0.027301513747296877
US-2016-128909,SP-20545,351.968,-18.9824,-0.05393217565233202
US-2017-106579,BW-11200,12.176,-18.8728,-1.55
CA-2016-162404,NF-18475,11.416,-18.8364,-1.6500000000000001
CA-2017-142867,PO-19180,24.048000000000002,-18.831599999999998,-0.7830838323353292
US-2015-150161,RB-19795,25.176,-18.4624,-0.7333333333333333
CA-2016-130484,SG-20470,26.352,-18.4464,-0.7000000000000001
CA-2017-152702,SN-20710,254.604,-18.186,-0.07142857142857142
CA-2016-125017,KB-16240,132.224,-18.1808,-0.1375
CA-2014-102295,EH-13990,120.712,-18.1068,-0.15
CA-2015-130183,PO-18850,613.9992,-18.0588,-0.029411764705882356
CA-2017-102610,CA-12265,248.396,-18.0329,-0.07259738482101162
CA-2015-102806,HG-14965,24.588,-18.0312,-0.7333333333333333
CA-2016-144764,RL-19615,1427.308,-17.953899999999997,-0.012578854739131286
CA-2016-140018,CK-12205,235.851,-17.796599999999998,-0.07545696223463118
US-2016-152373,PT-19090,93.456,-17.523,-0.1875
US-2017-130603,SC-20050,11.646,-17.469,-1.5
CA-2017-149720,EM-14065,30.336,-17.4432,-0.5750000000000001
US-2017-131961,MJ-17740,97.236,-17.3538,-0.17847093669011477
CA-2014-123498,TC-20980,100.398,-17.325599999999998,-0.17256917468475466
CA-2015-156377,TB-21625,18.416,-17.2886,-0.9387814943527367
CA-2015-111990,DB-13660,10.476,-17.2854,-1.6499999999999997
CA-2016-167507,SA-20830,65.944,-17.1064,-0.2594079825306321
CA-2015-135391,FA-14230,80.88,-17.0556,-0.2108753709198813
US-2017-143028,SC-20050,11.364,-17.046,-1.4999999999999998
CA-2015-161627,SJ-20215,170.352,-17.0352,-0.09999999999999999
CA-2015-116484,JK-15205,205.37599999999998,-16.967399999999998,-0.08261627454035525
CA-2016-116344,JO-15145,84.784,-16.9568,-0.2
CA-2014-162866,Co-12640,62.967999999999996,-16.7696,-0.26631940033032653
US-2014-112200,TC-21475,9.98,-16.467,-1.65
US-2016-131149,LH-17155,492.28000000000003,-16.452,-0.03342000487527424
US-2014-118486,SD-20485,281.85200000000003,-16.404200000000003,-0.05820146743681081
CA-2015-124541,TT-21220,92.052,-16.3542,-0.17766262547255895
US-2017-134642,SW-20245,428.70399999999995,-16.340200000000003,-0.038115342987235956
CA-2016-159009,DP-13105,197.96800000000002,-16.3242,-0.0824587812171664
CA-2017-101308,FG-14260,93.724,-16.023799999999998,-0.17096794844436855
US-2016-106677,AS-10285,23.988,-15.992,-0.6666666666666667
CA-2015-130785,AG-10900,733.283,-15.831800000000001,-0.02159030006150422
CA-2014-122567,MN-17935,9.04,-15.658,-1.7320796460176993
CA-2016-116974,MP-17965,23.976,-15.5844,-0.65
CA-2016-140746,RC-19825,181.797,-15.5826,-0.08571428571428572
CA-2017-131618,LS-17200,23.887999999999998,-15.52,-0.6496985934360349
CA-2015-111073,MC-18100,51.588,-15.4764,-0.3
US-2017-165456,TB-21625,1079.316,-15.4188,-0.014285714285714285
CA-2015-152891,TB-21625,313.626,-15.325499999999998,-0.04886552773048153
US-2015-164175,PS-18970,213.115,-15.2225,-0.07142857142857142
CA-2016-162383,MD-17350,103.054,-15.1722,-0.1472257263182409
US-2015-101511,JE-15745,412.682,-15.108699999999999,-0.03661099829893234
CA-2017-117513,BT-11395,399.672,-14.9877,-0.0375
CA-2016-159737,CS-11950,8.808,-14.9736,-1.7
US-2014-111171,CA-12265,8.69,-14.773,-1.7
CA-2014-108182,DL-13315,8.952,-14.7708,-1.65
CA-2017-154109,ML-17410,175.324,-14.749399999999998,-0.08412653145034335
US-2016-123750,RB-19795,895.06,-14.743599999999995,-0.016472191808370385
CA-2014-129924,AC-10420,706.064,-14.6632,-0.020767522490879015
CA-2014-134621,DP-13390,18.24,-14.592,-0.8
CA-2015-132136,FO-14305,8.568,-14.5656,-1.7
CA-2017-104003,DC-13285,307.666,-14.4784,-0.047058823529411764
US-2014-147606,JE-15745,19.3,-14.475,-0.75
CA-2017-124674,JB-16000,327.7328,-14.4588,-0.04411764705882353
CA-2014-110030,LF-17185,23.976,-14.3856,-0.6
CA-2015-108259,NS-18640,81.135,-14.378999999999998,-0.17722314660750596
CA-2017-103415,MV-17485,13.592,-14.2716,-1.0499999999999998
CA-2017-110198,AG-10900,318.96,-14.219999999999999,-0.0445823927765237
CA-2016-164154,NZ-18565,59.94800000000001,-14.1904,-0.2367118169079869
CA-2016-115574,BP-11185,141.372,-14.1372,-0.09999999999999999
US-2016-144393,SM-20950,17.616,-14.0928,-0.8
CA-2016-119165,BD-11320,492.835,-14.081,-0.02857142857142857
CA-2017-131807,GG-14650,753.112,-14.044500000000001,-0.018648620656688517
CA-2015-159786,RK-19300,209.67,-13.978,-0.06666666666666667
CA-2014-130575,CS-11845,9.264,-13.896,-1.5000000000000002
CA-2016-112025,LS-16975,9.264,-13.896,-1.5000000000000002
CA-2015-105599,MC-17275,41.374,-13.8847,-0.3355899840479528
CA-2015-129112,AW-10840,30.264000000000003,-13.8837,-0.45875297383029334
CA-2015-142027,JK-15370,369.912,-13.8717,-0.037500000000000006
CA-2014-151708,MB-17305,217.352,-13.8317,-0.06363732562847363
CA-2015-138534,JM-15535,195.466,-13.7976,-0.07058823529411765
US-2017-101784,PO-18850,122.136,-13.7403,-0.1125
CA-2015-136378,CS-11845,9.156,-13.734,-1.5
CA-2014-165540,TM-21010,8.85,-13.7175,-1.55
US-2016-113509,PL-18925,83.976,-13.6461,-0.1625
CA-2014-110611,JD-16015,83.92,-13.637,-0.1625
US-2016-132577,JE-15475,60.44,-13.632200000000001,-0.22554930509596297
US-2017-108245,SH-19975,24.619999999999997,-13.504199999999999,-0.5485052802599513
CA-2016-163594,JF-15295,250.416,-13.375800000000002,-0.053414318573893046
US-2016-134488,PK-19075,155.372,-13.3176,-0.08571428571428572
CA-2017-112536,SG-20890,17.798000000000002,-13.278500000000001,-0.7460669738172828
US-2017-132031,PN-18775,513.496,-13.240799999999998,-0.025785595213984137
CA-2014-146843,PB-19150,150.232,-13.014600000000002,-0.08663001224772353
CA-2017-127516,EH-14005,64.784,-12.9568,-0.19999999999999998
US-2016-128293,KC-16255,64.784,-12.9568,-0.19999999999999998
CA-2016-153101,PJ-19015,146.04,-12.7785,-0.0875
CA-2017-153654,MD-17860,19.008,-12.672,-0.6666666666666667
CA-2015-125185,AH-10195,132.94,-12.5528,-0.09442455242966752
US-2014-156216,EA-14035,18.648,-12.432,-0.6666666666666667
CA-2017-157420,HZ-14950,55.176,-12.4146,-0.225
CA-2014-151946,BT-11440,440.048,-12.374399999999998,-0.028120568665236514
CA-2014-105165,SZ-20035,469.043,-12.3729,-0.026379031346806154
CA-2017-152261,JA-15970,18.528,-12.352,-0.6666666666666667
CA-2016-137652,EB-13750,18.432,-12.288,-0.6666666666666667
CA-2014-138450,EH-13765,249.472,-12.213999999999999,-0.04895940225756798
US-2016-114293,JH-16180,195.136,-12.196,-0.0625
CA-2014-148040,BF-11275,388.70399999999995,-12.129600000000003,-0.03120523586070636
CA-2014-131247,GA-14725,205.666,-12.098,-0.05882352941176471
US-2016-162852,BG-11695,845.488,-12.0784,-0.014285714285714285
US-2016-162677,DB-13210,187.61599999999999,-12.077900000000001,-0.06437563960429815
CA-2017-122987,SJ-20215,80.564,-12.0292,-0.14931234794697384
CA-2016-137176,DB-12910,15.008,-12.0064,-0.8
CA-2017-161851,BP-11095,15.57,-11.937,-0.7666666666666666
CA-2015-100818,JM-15265,234.516,-11.901399999999997,-0.05074877620290299
US-2017-108315,MH-18115,225.54600000000002,-11.827200000000001,-0.05243808358383656
US-2014-163797,PC-19000,49.792,-11.8256,-0.2375
CA-2016-136595,EM-13825,21.204,-11.6622,-0.55
US-2016-131114,RW-19630,43.964,-11.646600000000001,-0.26491220089163864
CA-2016-132017,MH-17620,6.816,-11.5872,-1.7
US-2014-120236,MR-17545,7.68,-11.52,-1.5
CA-2016-136322,AP-10720,74.32,-11.401600000000002,-0.15341227125941878
US-2014-165589,TB-21595,25.16,-11.322,-0.44999999999999996
CA-2017-112473,JL-15505,50.136,-11.2806,-0.22499999999999998
CA-2017-155642,BM-11575,24.5,-11.1669,-0.45579183673469387
CA-2017-148411,RO-19780,531.888,-11.1576,-0.020977348614745962
CA-2014-105340,EH-14185,6.928,-11.0848,-1.5999999999999999
CA-2017-143021,AP-10720,138.382,-11.071299999999997,-0.08000534751629546
CA-2016-118934,GH-14410,16.218,-10.9566,-0.6755826859045505
US-2017-132220,DJ-13510,62.352,-10.9116,-0.17500000000000002
US-2015-146745,AS-10630,135.936,-10.807599999999999,-0.07950506120527306
CA-2017-137365,BP-11095,95.976,-10.7973,-0.1125
CA-2017-130967,EB-13870,53.982,-10.7964,-0.2
CA-2014-133809,MS-17530,21.396,-10.7366,-0.501804075528136
CA-2017-163265,JS-16030,705.002,-10.7121,-0.015194424980354665
CA-2014-148950,JD-16015,43.016,-10.3947,-0.24164729403012833
CA-2015-138492,FC-14335,51.968,-10.3936,-0.19999999999999998
CA-2016-117226,KD-16495,6.924,-10.386,-1.4999999999999998
CA-2015-166338,MP-18175,14.832,-10.3824,-0.7
CA-2014-164182,ST-20530,111.05000000000001,-10.3644,-0.09333093201260692
US-2014-105767,AR-10510,79.638,-10.362,-0.1301137647856551
US-2016-120460,BF-11170,22.608,-10.1736,-0.45
CA-2017-136497,RF-19840,13.71,-10.054,-0.7333333333333333
CA-2015-138457,AM-10705,13.092,-10.0372,-0.7666666666666666
CA-2016-134516,FM-14215,115.47999999999999,-10.001100000000001,-0.08660460685833046
CA-2015-155068,RA-19285,78.456,-9.9809,-0.1272165290098909
CA-2017-163860,LO-17170,125.98,-9.7236,-0.07718367994919828
CA-2014-113859,BC-11125,340.116,-9.7176,-0.02857142857142857
CA-2017-151855,BW-11110,39.252,-9.7101,-0.2473784775298074
US-2017-145863,RP-19390,5.628,-9.702300000000001,-1.7239339019189768
CA-2016-130680,BD-11320,38.24,-9.56,-0.25
CA-2015-144302,ME-17320,5.792,-9.5568,-1.6500000000000001
CA-2017-158953,ML-18040,6.37,-9.555,-1.5
CA-2016-124562,JP-16135,12.957,-9.5018,-0.7333333333333333
CA-2017-147277,EB-13705,949.7719999999999,-9.289599999999993,-0.009780873725483584
CA-2015-100545,IM-15070,11.61,-9.288,-0.8
CA-2016-166373,JF-15565,106.08,-9.282,-0.08750000000000001
CA-2015-136728,AG-10900,177.89600000000002,-9.213999999999999,-0.05179430678598731
CA-2016-159989,EB-13870,40.68,-9.153,-0.225
US-2014-123519,SS-20875,403.114,-9.147799999999998,-0.022692836269640842
CA-2014-110219,EB-13870,127.869,-9.1335,-0.07142857142857142
US-2017-160759,AI-10855,63.686,-9.098,-0.14285714285714288
CA-2014-139542,EH-14185,54.474000000000004,-9.078899999999999,-0.16666483092851633
CA-2017-133067,MY-18295,11.598,-9.0582,-0.7810139679255043
CA-2017-148810,DR-12880,287.42400000000004,-8.9958,-0.031298012692050764
US-2015-120572,GH-14425,12.828,-8.9796,-0.7
CA-2015-129700,LA-16780,22.288,-8.9152,-0.4
US-2017-132206,MK-17905,5.936,-8.904,-1.5
CA-2017-136539,GH-14665,106.02080000000001,-8.8792,-0.08374960385131974
CA-2014-166730,DD-13570,39.128,-8.8038,-0.225
US-2017-137491,LC-16930,305.312,-8.7232,-0.02857142857142857
US-2015-123218,KD-16345,775.01,-8.619199999999996,-0.011121404885098251
US-2017-146878,DL-12865,12.294,-8.6058,-0.7
US-2014-152030,AD-10180,600.558,-8.5794,-0.014285714285714285
CA-2016-139234,AF-10870,29.384,-8.565199999999999,-0.29149196841818675
CA-2016-149349,SP-20650,22.752,-8.532,-0.375
CA-2015-131597,SP-20620,170.136,-8.5068,-0.05
CA-2014-165393,NC-18415,4.984,-8.4728,-1.7
CA-2016-123337,KD-16495,291.146,-8.333599999999999,-0.02862343978622409
CA-2015-141810,BB-10990,374.076,-8.215999999999994,-0.021963451277280534
US-2017-132927,RD-19720,11.088,-8.1312,-0.7333333333333334
CA-2016-143910,BC-11125,145.764,-8.098,-0.05555555555555556
CA-2014-163034,DK-12985,646.2,-8.0775,-0.0125
US-2014-150924,PT-19090,5.18,-8.029,-1.55
CA-2017-122028,CK-12205,10.782,-7.9068,-0.7333333333333333
US-2016-100419,CC-12670,4.788,-7.9002,-1.65
US-2016-137295,VS-21820,187.228,-7.8320000000000025,-0.04183135001175039
CA-2017-110429,DM-13015,11.673,-7.782,-0.6666666666666666
CA-2014-156790,VG-21790,155.456,-7.7728,-0.05
US-2015-104430,LT-17110,5.176,-7.764,-1.5
US-2017-149510,MC-17575,98.446,-7.7228,-0.07844706742782846
CA-2017-142671,DR-12940,11.52,-7.68,-0.6666666666666666
CA-2015-106362,LC-16885,10.332,-7.5768,-0.7333333333333333
CA-2014-161249,RD-19720,13.809000000000001,-7.4901,-0.5424071257875298
CA-2014-119466,SP-20860,8.544,-7.476,-0.875
US-2014-166310,JS-15940,8.544,-7.476,-0.875
CA-2016-125661,CA-12055,180.71200000000002,-7.461500000000001,-0.041289455044490685
CA-2015-153073,HA-14905,17.496,-7.4358,-0.42500000000000004
CA-2016-109820,AG-10390,32.751,-7.4058,-0.22612439314830082
CA-2016-154536,JC-15340,9.555,-7.3255,-0.7666666666666667
CA-2017-113075,MC-18100,40.68,-7.119,-0.175
CA-2016-106306,PG-18820,9.702,-7.1148,-0.7333333333333333
US-2016-150357,EB-13975,24.703,-7.1091999999999995,-0.28778690847265515
CA-2015-154970,SR-20740,61.584,-6.9282,-0.1125
US-2016-148334,DD-13570,4.312,-6.8992,-1.6
CA-2017-125913,JO-15145,427.59200000000004,-6.8909,-0.016115596175793747
CA-2016-128706,DW-13540,16.192,-6.8816,-0.425
CA-2017-124191,TS-21610,8.856,-6.8634,-0.775
CA-2015-101924,KB-16585,9.762,-6.8334,-0.7
CA-2015-127110,CH-12070,109.36,-6.721200000000001,-0.06145940014630579
US-2016-128195,RA-19285,3.98,-6.567,-1.6500000000000001
US-2017-117331,ND-18370,8.559,-6.5619,-0.7666666666666667
US-2014-140116,KT-16480,719.576,-6.553799999999999,-0.009107863519628223
CA-2014-166891,CC-12220,589.41,-6.549,-0.011111111111111112
US-2016-114622,JR-16210,8.904,-6.5296,-0.7333333333333334
CA-2017-101749,AS-10045,171.288,-6.4233,-0.0375
CA-2017-167003,VS-21820,171.288,-6.4233,-0.0375
CA-2017-148138,ME-18010,51.168,-6.396,-0.125
CA-2017-155824,KS-16300,61.876,-6.378400000000001,-0.10308358652789452
CA-2017-128426,JK-15730,4.24,-6.36,-1.5
CA-2014-101147,MC-17575,2.394,-6.3441,-2.65
CA-2015-156608,MT-18070,3.592,-6.286,-1.7499999999999998
CA-2016-143154,AS-10225,165.6,-6.21,-0.0375
CA-2015-118955,LS-17230,253.34,-6.1662,-0.024339622641509434
CA-2015-113523,SC-20440,7.656,-6.1248,-0.7999999999999999
CA-2014-133389,TB-21280,8.226,-6.0324,-0.7333333333333333
CA-2015-110247,RH-19555,8.226,-6.0324,-0.7333333333333333
CA-2017-163692,Dp-13240,7.857,-6.0237,-0.7666666666666666
CA-2014-166716,CR-12730,421.372,-6.0196,-0.014285714285714284
CA-2017-142461,KT-16480,204.6664,-6.0196,-0.02941176470588235
CA-2017-107832,FH-14275,7.476,-5.9808,-0.8
CA-2017-157112,GG-14650,17.104,-5.9696,-0.3490177736202058
CA-2016-128916,MA-17560,14.896,-5.9584,-0.39999999999999997
CA-2016-134348,MS-17710,42.622,-5.9478,-0.13954765144760922
CA-2017-161592,CS-12175,8.1,-5.94,-0.7333333333333334
CA-2014-115791,DL-13315,299.964,-5.933499999999999,-0.01978070701817551
CA-2016-125920,SH-19975,3.798,-5.8869,-1.5499999999999998
US-2015-114839,PW-19240,408.422,-5.8346,-0.014285714285714285
US-2015-141453,DB-13270,3.882,-5.823,-1.5
CA-2016-115588,AF-10885,53.696,-5.747999999999999,-0.10704707985697258
CA-2016-123617,AJ-10780,7.434,-5.6994,-0.7666666666666666
CA-2017-146367,HM-14860,3.318,-5.6406,-1.7
CA-2017-112725,EH-14125,142.344,-5.473800000000001,-0.038454729387961566
CA-2015-125696,NP-18685,7.38,-5.412,-0.7333333333333333
CA-2015-156146,AG-10495,174.304,-5.3644,-0.030776115292821735
CA-2017-169404,NC-18625,103.48,-5.279399999999999,-0.051018554310011587
US-2015-118766,LS-16975,8.424,-5.256,-0.623931623931624
CA-2017-169439,LC-17140,92.032,-5.202400000000001,-0.05652816411682894
CA-2016-104311,AS-10090,36.648,-5.1912,-0.14165029469548132
CA-2016-141180,DP-13000,7.764,-5.176,-0.6666666666666666
CA-2016-157511,SV-20365,107.396,-5.125,-0.047720585496666544
CA-2015-116750,BF-10975,12.158000000000001,-5.0447999999999995,-0.4149366672150024
CA-2014-117478,LH-16750,6.57,-5.037,-0.7666666666666666
US-2017-118038,KB-16600,38.196,-5.0352,-0.1318253220232485
CA-2016-155670,EM-14065,21.503999999999998,-5.026800000000001,-0.23376116071428577
CA-2017-116127,SB-20185,400.784,-5.0098,-0.0125
CA-2017-155936,JK-15730,3.036,-5.0094,-1.6500000000000001
CA-2016-129686,GG-14650,160.384,-4.995999999999999,-0.031150239425379086
US-2014-122021,AC-10660,191.34,-4.9704,-0.02597679523361555
CA-2016-138695,KC-16675,452.464,-4.957000000000001,-0.010955567735775665
CA-2015-120845,ML-17395,22.549,-4.9428,-0.2192026253935873
CA-2015-114468,TD-20995,59.848,-4.898000000000001,-0.08184066301296619
US-2015-149692,KW-16435,2.772,-4.851,-1.7500000000000002
CA-2014-118276,MG-17890,8.736,-4.8048,-0.5499999999999999
US-2017-154851,BP-11155,5.715,-4.7625,-0.8333333333333334
US-2016-162103,LB-16795,3.136,-4.704,-1.4999999999999998
CA-2015-145828,MB-17305,53.04,-4.641,-0.08750000000000001
CA-2017-160122,RD-19930,182.97,-4.633199999999999,-0.02532218396458435
CA-2014-111360,AT-10435,5.742,-4.5936,-0.8
CA-2014-161508,PV-18985,554.1659999999999,-4.5604,-0.00822930313299625
CA-2014-103744,MG-17875,11.364,-4.522500000000001,-0.3979672650475185
CA-2015-126970,TP-21130,2.808,-4.4928,-1.6
US-2017-155299,Dl-13600,1.624,-4.466,-2.75
CA-2017-156412,CM-12160,5.346,-4.455,-0.8333333333333334
CA-2014-148425,RF-19345,6.642,-4.428,-0.6666666666666666
CA-2016-148208,BT-11530,165.55200000000002,-4.372500000000002,-0.026411641055378382
CA-2015-119690,MV-17485,128.928,-4.352399999999998,-0.033758376768428876
CA-2017-167549,EM-14200,298.116,-4.2588,-0.014285714285714287
CA-2014-114195,EA-14035,94.264,-4.235199999999999,-0.04492913519477212
US-2014-158638,AG-10765,5.892,-4.1244,-0.6999999999999998
CA-2016-136049,NM-18520,5.553,-4.0722,-0.7333333333333333
CA-2014-139633,EC-14050,5.484,-4.0216,-0.7333333333333334
US-2015-105676,NM-18520,6.688,-4.0128,-0.6000000000000001
CA-2017-108070,JE-15745,308.753,-3.9898000000000002,-0.012922303588952983
CA-2016-134691,KC-16540,2.296,-3.9032,-1.7000000000000002
CA-2017-101728,SC-20575,2.296,-3.9032,-1.7000000000000002
US-2014-107405,TS-21205,16.272,-3.8646,-0.23750000000000002
CA-2016-130050,MC-17425,9.552,-3.8208,-0.4
CA-2017-133928,ZC-21910,4.572,-3.81,-0.8333333333333334
CA-2015-105221,VM-21685,38.528,-3.8068,-0.09880606312292359
CA-2017-111374,CB-12415,4.956,-3.7996,-0.7666666666666666
US-2017-109484,RB-19705,5.682,-3.788,-0.6666666666666666
CA-2017-165099,DK-13375,1.392,-3.7584,-2.7
CA-2014-114517,TH-21235,109.83600000000001,-3.7235999999999994,-0.033901453075494366
CA-2017-138156,MM-17260,147.568,-3.6892,-0.024999999999999998
US-2015-136259,CB-12415,34.418,-3.4938000000000002,-0.1015108373525481
CA-2017-160801,FG-14260,4.842,-3.3894,-0.7000000000000001
CA-2017-145093,PT-19090,2.112,-3.3792,-1.5999999999999999
US-2017-100482,JL-15130,43.888000000000005,-3.2788000000000004,-0.0747083485235144
US-2016-133879,KT-16465,544.9899999999999,-3.2454,-0.00595497165085598
CA-2016-108644,SJ-20215,1.964,-3.2406,-1.6500000000000001
US-2015-163783,DR-12940,12.672,-3.168,-0.25
CA-2015-113173,DK-13225,270.356,-3.1479999999999997,-0.011643906552841438
CA-2017-125878,MH-18025,1.788,-3.0396,-1.7
CA-2017-124940,DK-13090,47.904,-2.994,-0.0625
US-2017-110646,JF-15190,166.692,-2.9785000000000013,-0.01786828402082884
US-2016-117037,LW-17215,63.922,-2.934600000000002,-0.04590907668721257
CA-2015-144043,AB-10165,46.688,-2.918,-0.0625
CA-2016-108364,BP-11050,1.8,-2.88,-1.5999999999999999
CA-2015-150413,CS-11860,1.72,-2.838,-1.6500000000000001
CA-2017-152198,JD-16015,28.83,-2.8011999999999997,-0.09716267776621575
US-2017-166233,MO-17950,24.0,-2.7,-0.1125
CA-2017-111388,SU-20665,215.976,-2.6997,-0.0125
CA-2017-158246,JB-15400,215.976,-2.6997,-0.0125
CA-2017-139773,DV-13045,188.552,-2.6936,-0.014285714285714287
CA-2016-145499,RW-19690,3.282,-2.6256,-0.7999999999999999
US-2016-158309,PA-19060,3.744,-2.6208,-0.7
CA-2017-112487,TC-21535,3.132,-2.61,-0.8333333333333333
CA-2015-139374,AR-10345,179.886,-2.5698,-0.014285714285714285
CA-2015-133977,AT-10435,3.444,-2.5256,-0.7333333333333333
CA-2014-152905,AB-10015,12.624,-2.5248,-0.19999999999999998
CA-2015-162761,SC-20575,50.461999999999996,-2.4326000000000003,-0.048206571281360244
CA-2017-131016,DC-12850,56.512,-2.4160000000000004,-0.04275198187995471
CA-2017-123239,MG-18145,91.032,-2.2758,-0.024999999999999998
CA-2016-108567,DB-13210,2.694,-2.245,-0.8333333333333334
CA-2015-149384,EH-13945,3.366,-2.244,-0.6666666666666667
US-2015-120712,CS-12130,88.8,-2.22,-0.025
CA-2015-157343,HD-14785,52.248000000000005,-2.1340000000000012,-0.0408436686571735
CA-2015-160787,BM-11785,2.946,-2.0622,-0.6999999999999998
CA-2017-149181,MD-17350,47.992,-2.0568,-0.04285714285714286
CA-2015-122623,CC-12145,47.516,-2.0364,-0.04285714285714286
CA-2016-163202,BM-11650,2.907,-2.0349,-0.7
US-2015-161347,HG-14845,2.412,-2.01,-0.8333333333333333
CA-2014-126277,LH-16900,2.502,-2.0016,-0.8
CA-2015-149300,BH-11710,32.985,-1.9791,-0.060000000000000005
US-2017-168690,TS-21085,2.808,-1.9656,-0.7000000000000001
CA-2017-106691,CC-12370,1.248,-1.9344,-1.5499999999999998
CA-2017-168900,SH-20395,2.313,-1.9275,-0.8333333333333333
US-2016-146710,SS-20875,114.84,-1.9188,-0.01670846394984326
CA-2015-146829,TS-21340,1.112,-1.8904,-1.7
CA-2016-158806,NM-18520,48.996,-1.889100000000001,-0.038556208670095536
CA-2017-152205,SF-20965,2.655,-1.8585,-0.7000000000000001
CA-2016-140977,JL-15175,91.475,-1.8295,-0.02
CA-2014-130918,JP-15520,7.632,-1.8126,-0.23750000000000002
CA-2016-126165,AH-10465,71.088,-1.7772,-0.025
CA-2016-164889,CP-12340,71.088,-1.7772,-0.025
CA-2015-148873,EM-13960,111.76,-1.7688000000000006,-0.015826771653543313
US-2014-112564,TS-21160,2.502,-1.7514,-0.7000000000000001
US-2016-123470,ME-17725,141.21,-1.6140000000000008,-0.011429785425961339
US-2015-144771,CK-12205,64.072,-1.6072000000000002,-0.02508428018479211
CA-2014-103086,EB-14170,5.312,-1.5936,-0.3
CA-2017-169817,EB-13870,1.908,-1.5264,-0.8
CA-2017-169362,SP-20860,39.984,-1.4994,-0.0375
CA-2017-167941,JF-15565,831.368,-1.4835999999999974,-0.0017845286323264755
CA-2016-113600,SH-20395,2.214,-1.476,-0.6666666666666666
US-2016-131891,PW-19240,2.214,-1.476,-0.6666666666666666
US-2015-115343,FO-14305,673.576,-1.4697000000000005,-0.002181936411036023
CA-2017-160045,LB-16735,1.988,-1.4413,-0.725
CA-2017-117394,MM-17920,19.04,-1.428,-0.075
CA-2017-105620,JH-15430,141.0,-1.4249999999999998,-0.010106382978723403
US-2014-152723,HG-14965,0.876,-1.4016,-1.5999999999999999
CA-2017-121678,BM-11650,1.824,-1.3984,-0.7666666666666667
US-2015-165449,AP-10720,27.168,-1.3584,-0.05
US-2015-160150,TS-21085,2.025,-1.35,-0.6666666666666667
CA-2016-168361,KB-16600,0.836,-1.3376,-1.5999999999999999
CA-2014-101770,KB-16240,1.869,-1.3083,-0.7000000000000001
CA-2016-146521,CC-12610,1.941,-1.294,-0.6666666666666666
CA-2014-101175,DM-12955,100.704,-1.2588,-0.0125
CA-2017-115070,MG-18205,16.739,-1.2453,-0.07439512515681941
CA-2015-151043,MG-17680,47.984,-1.1996,-0.024999999999999998
US-2014-149034,RD-19900,47.496,-1.1874,-0.024999999999999998
CA-2015-111325,BT-11395,20.451,-1.1835,-0.05787003080533959
CA-2016-150007,AS-10090,7.9079999999999995,-1.1435999999999997,-0.1446130500758725
US-2014-139500,AB-10165,37.296,-1.0656,-0.028571428571428574
CA-2015-105312,MT-17815,11.481,-1.0427999999999997,-0.09082832505879276
US-2017-156909,SF-20065,71.372,-1.0196,-0.014285714285714287
US-2017-162068,PC-18745,1.188,-0.99,-0.8333333333333334
CA-2017-124114,RS-19765,0.556,-0.9452,-1.7
CA-2016-163153,DM-12955,100.716,-0.9156,-0.00909090909090909
CA-2017-112865,BH-11710,36.048,-0.9012,-0.024999999999999998
CA-2016-124506,BB-11545,143.96,-0.8572,-0.00595443178660739
CA-2014-112718,KN-16450,1.167,-0.8558,-0.7333333333333333
US-2017-100209,TD-20995,1.08,-0.792,-0.7333333333333333
US-2015-106495,AC-10450,11.672,-0.7295,-0.0625
CA-2016-135594,AH-10120,50.12,-0.6265,-0.012499999999999999
CA-2017-156720,JM-15580,3.024,-0.6048,-0.2
CA-2014-112403,JO-15280,0.852,-0.5964,-0.7000000000000001
CA-2017-111262,KH-16510,65.728,-0.5287999999999999,-0.008045277507302823
US-2017-139955,CM-12160,1.744,-0.3488,-0.2
CA-2015-164336,MW-18220,73.776,-0.2610000000000001,-0.0035377358490566056
CA-2016-116232,AC-10450,24.066,-0.2088000000000001,-0.008676140613313392
US-2017-106131,TP-21565,337.688,-0.03850000000000087,-0.00011401056596621991
