customer_id,frequency,monetary,recency_days,recency_score,frequency_score,monetary_score,rfm_sum
SE-20110,11,12209.438,10,5,5,5,15
JL-15835,11,9799.923,22,5,5,5,15
PK-19075,12,8646.934,10,5,5,5,15
HM-14860,10,8236.7648,3,5,5,5,15
LC-16885,12,7663.126,17,5,5,5,15
PO-18850,11,7473.8282,5,5,5,5,15
DR-12880,9,6528.034000000001,4,5,5,5,15
JG-15160,11,6366.392,2,5,5,5,15
WB-21850,11,6160.102,21,5,5,5,15
QJ-19255,9,6108.338,26,5,5,5,15
BF-11170,11,5907.972,17,5,5,5,15
SM-20950,12,5563.392,26,5,5,5,15
MH-18115,9,5503.093000000001,6,5,5,5,15
EP-13915,17,5478.0608,13,5,5,5,15
MP-18175,9,5087.92,17,5,5,5,15
AH-10210,9,4805.344,7,5,5,5,15
DK-13225,9,4802.394,11,5,5,5,15
RA-19915,9,4793.543,13,5,5,5,15
RB-19465,12,4715.466,10,5,5,5,15
TP-21130,9,4454.0560000000005,9,5,5,5,15
AI-10855,10,4375.786,14,5,5,5,15
GZ-14470,9,4355.15,8,5,5,5,15
AB-10105,10,14473.571,42,4,5,5,14
KL-16645,12,14175.229,48,4,5,5,14
GT-14710,11,11820.119999999999,37,4,5,5,14
ME-17320,10,10663.728000000001,43,4,5,5,14
JE-15715,10,8697.842999999999,47,4,5,5,14
BM-11650,11,7294.185,34,4,5,5,14
FH-14365,8,6987.196000000001,6,5,4,5,14
BB-11545,9,6765.728,29,4,5,5,14
JE-15745,13,6760.815,52,4,5,5,14
YS-21880,8,6720.444,10,5,4,5,14
BH-11710,8,6255.351,24,5,4,5,14
VW-21775,10,6134.0380000000005,29,4,5,5,14
CB-12025,10,6076.139,48,4,5,5,14
SC-20380,9,5992.536,31,4,5,5,14
BD-11320,12,5718.521,34,4,5,5,14
SP-20620,9,5440.319,48,4,5,5,14
RP-19390,12,5153.084,34,4,5,5,14
KL-16555,8,5016.488,17,5,4,5,14
ES-14080,9,4657.924,29,4,5,5,14
SC-20050,9,4624.572,41,4,5,5,14
ND-18370,9,4326.139,28,4,5,5,14
CC-12220,12,3913.418,21,5,5,4,14
AT-10735,10,3831.8639999999996,14,5,5,4,14
MM-17920,11,3794.08,8,5,5,4,14
BP-11185,9,3675.861,2,5,5,4,14
CS-12400,9,3651.8585000000003,3,5,5,4,14
DK-12835,12,3256.48,22,5,5,4,14
HG-14965,12,3247.642,24,5,5,4,14
CS-12355,11,3202.162,7,5,5,4,14
CS-11950,11,3036.547,26,5,5,4,14
LS-16975,9,2988.674,21,5,5,4,14
DS-13180,9,2881.8128,24,5,5,4,14
CC-12430,10,2870.05,1,5,5,4,14
CS-12250,12,2754.2160000000003,27,5,5,4,14
SV-20365,10,11470.949999999999,102,3,5,5,13
JD-16150,8,8828.030499999999,42,4,4,5,13
DR-12940,8,8350.868,51,4,4,5,13
NC-18535,7,8241.739,7,5,3,5,13
ZC-21910,13,8025.707,55,3,5,5,13
PP-18955,10,7252.608,98,3,5,5,13
Dp-13240,11,7198.761,85,3,5,5,13
AR-10540,6,6608.448,7,5,3,5,13
MJ-17740,7,6320.746,23,5,3,5,13
AD-10180,8,6106.88,30,4,4,5,13
KH-16690,7,5990.799,3,5,3,5,13
KH-16510,7,5952.859,23,5,3,5,13
RB-19795,8,5633.316000000001,33,4,4,5,13
NP-18325,6,5529.62,26,5,3,5,13
AC-10450,7,5527.846,12,5,3,5,13
LW-17215,7,5420.514,22,5,3,5,13
TT-21460,7,5364.808,13,5,3,5,13
MW-18220,7,5341.9,18,5,3,5,13
LR-16915,6,5142.892,27,5,3,5,13
KM-16720,8,4909.472,29,4,4,5,13
JK-15730,10,4867.2,85,3,5,5,13
SA-20830,10,4767.3415,64,3,5,5,13
DB-13270,8,4655.897,54,4,4,5,13
KT-16480,10,4642.088400000001,101,3,5,5,13
DB-13060,7,4531.646,17,5,3,5,13
AG-10900,10,4510.7970000000005,97,3,5,5,13
LC-16930,8,4492.946,42,4,4,5,13
MA-17560,11,4299.161,65,3,5,5,13
SP-20860,10,4282.9400000000005,80,3,5,5,13
FH-14275,10,4256.272,38,4,5,4,13
DM-13345,8,4074.4719999999998,23,5,4,4,13
FP-14320,8,4046.746,24,5,4,4,13
FM-14290,9,3736.198,37,4,5,4,13
EB-13705,9,3644.978,49,4,5,4,13
SZ-20035,11,3625.329,36,4,5,4,13
PW-19030,10,3454.916,47,4,5,4,13
SH-19975,13,3406.8395,30,4,5,4,13
SF-20965,9,3336.5350000000003,49,4,5,4,13
DC-12850,9,3336.168,38,4,5,4,13
DK-13375,8,3318.486,20,5,4,4,13
AS-10090,9,3255.31,29,4,5,4,13
AH-10075,10,3250.337,35,4,5,4,13
EB-13750,10,3236.314,36,4,5,4,13
CK-12205,13,3154.855,40,4,5,4,13
PG-18820,13,3086.907,37,4,5,4,13
TB-21625,9,2797.6679999999997,31,4,5,4,13
LC-17140,9,2633.582,14,5,5,3,13
RA-19285,9,2617.906,6,5,5,3,13
KN-16390,9,2617.272,20,5,5,3,13
FM-14215,10,2456.638,8,5,5,3,13
BP-11095,12,2442.044,18,5,5,3,13
CV-12805,9,2370.3136,6,5,5,3,13
DB-13210,10,2332.577,10,5,5,3,13
LH-16900,9,2295.332,22,5,5,3,13
SH-20395,10,2180.7180000000003,24,5,5,3,13
NB-18655,9,1972.599,20,5,5,3,13
JB-15400,10,1791.605,8,5,5,3,13
HL-15040,6,12873.297999999999,44,4,3,5,12
TS-21370,6,11891.751,37,4,3,5,12
EH-13765,12,10310.88,136,2,5,5,12
LA-16780,11,8673.222,155,2,5,5,12
KD-16495,12,8181.256,113,2,5,5,12
SB-20290,7,8057.8910000000005,48,4,3,5,12
JH-15985,6,7954.9980000000005,30,4,3,5,12
AB-10060,8,7755.619999999999,55,3,4,5,12
JE-15610,7,7754.976,49,4,3,5,12
JW-15220,6,7721.714,43,4,3,5,12
GK-14620,9,6497.27,113,2,5,5,12
JA-15970,8,6491.026000000001,93,3,4,5,12
CM-12655,6,6339.5576,28,4,3,5,12
SD-20485,9,6121.114,201,2,5,5,12
RM-19675,5,5979.0960000000005,7,5,2,5,12
KM-16375,8,5620.186,57,3,4,5,12
YC-21895,5,5454.35,5,5,2,5,12
CP-12085,8,5402.254,83,3,4,5,12
SC-20725,11,5226.21,188,2,5,5,12
TT-21070,7,4915.602000000001,32,4,3,5,12
PO-19180,9,4893.043,161,2,5,5,12
JK-15640,9,4760.434,181,2,5,5,12
TB-21520,9,4737.486,108,2,5,5,12
GB-14575,5,4716.2880000000005,14,5,2,5,12
EM-14140,6,4588.436000000001,49,4,3,5,12
AR-10825,8,4523.336,59,3,4,5,12
SC-20770,7,4492.657,42,4,3,5,12
BD-11500,6,4411.2429999999995,36,4,3,5,12
TC-21295,8,4266.812,28,4,4,4,12
RS-19765,8,4159.77,37,4,4,4,12
MY-18295,11,4152.696,72,3,5,4,12
MP-17965,9,3983.642,73,3,5,4,12
SJ-20125,12,3949.656,96,3,5,4,12
LF-17185,7,3930.5089999999996,23,5,3,4,12
KH-16630,9,3918.9660000000003,59,3,5,4,12
MC-17845,7,3805.714,2,5,3,4,12
HG-15025,7,3690.284,7,5,3,4,12
LP-17095,7,3653.3990000000003,10,5,3,4,12
JP-15520,7,3635.594,9,5,3,4,12
SF-20200,9,3422.786,60,3,5,4,12
AP-10915,10,3323.556,99,3,5,4,12
KH-16330,8,3312.8640000000005,41,4,4,4,12
RW-19630,9,3279.7459999999996,90,3,5,4,12
JO-15145,9,3254.949,58,3,5,4,12
AS-10285,6,3214.236,20,5,3,4,12
BT-11680,7,3196.752,21,5,3,4,12
KB-16240,7,3152.615,5,5,3,4,12
KH-16360,6,3100.612,2,5,3,4,12
GM-14455,6,3078.624,17,5,3,4,12
LT-17110,8,2936.252,35,4,4,4,12
JM-16195,10,2833.9260000000004,58,3,5,4,12
GH-14410,9,2819.467,76,3,5,4,12
BG-11035,8,2798.948,29,4,4,4,12
EB-13870,10,2767.219,101,3,5,4,12
FO-14305,10,2678.438,39,4,5,3,12
RB-19435,8,2663.086,20,5,4,3,12
HA-14920,8,2584.158,21,5,4,3,12
XP-21865,11,2374.658,44,4,5,3,12
CK-12595,11,2372.75,44,4,5,3,12
GG-14650,9,2224.0,44,4,5,3,12
MC-18100,10,2218.98,42,4,5,3,12
DP-13105,8,2215.002,7,5,4,3,12
DB-12910,8,2171.5989999999997,22,5,4,3,12
CB-12415,8,1949.2,27,5,4,3,12
SV-20935,8,1903.491,3,5,4,3,12
RD-19720,10,1419.737,22,5,5,2,12
GA-14725,11,1398.382,6,5,5,2,12
AA-10375,9,1056.39,20,5,5,2,12
RB-19360,6,15117.339,97,3,3,5,11
SC-20095,9,14142.334,350,1,5,5,11
CC-12370,5,12129.072,44,4,2,5,11
CJ-12010,8,11164.974,190,2,4,5,11
CL-12565,12,10880.546,285,1,5,5,11
KF-16285,7,10604.266,98,3,3,5,11
HW-14935,8,9300.253999999999,118,2,4,5,11
NF-18385,7,8322.826000000001,80,3,3,5,11
AH-10690,12,7888.294,411,1,5,5,11
JD-15895,11,7610.864,395,1,5,5,11
MS-17365,10,7443.6900000000005,274,1,5,5,11
DM-13015,7,6345.103000000001,58,3,3,5,11
RL-19615,8,6234.91,122,2,4,5,11
CP-12340,8,5888.275,161,2,4,5,11
CS-12505,6,5690.054999999999,59,3,3,5,11
AM-10705,8,5664.022000000001,163,2,4,5,11
DP-13390,9,5480.724,359,1,5,5,11
TW-21025,7,5278.826,65,3,3,5,11
AA-10645,6,5086.9349999999995,56,3,3,5,11
LB-16795,8,4985.676,153,2,4,5,11
HK-14890,8,4877.784,152,2,4,5,11
AJ-10780,7,4867.344,76,3,3,5,11
BW-11110,8,4750.358,122,2,4,5,11
SR-20740,8,4345.886,197,2,4,5,11
RD-19480,8,4272.93,73,3,4,4,11
AS-10225,5,4260.784000000001,23,5,2,4,11
JF-15565,8,4198.332,55,3,4,4,11
SC-20305,7,3979.065,30,4,3,4,11
RA-19885,7,3832.3140000000003,44,4,3,4,11
RO-19780,7,3815.478,36,4,3,4,11
MG-17650,7,3785.276,30,4,3,4,11
DL-13495,8,3539.322,77,3,4,4,11
DV-13465,6,3341.587,30,4,3,4,11
CT-11995,8,3241.898,97,3,4,4,11
SR-20425,5,3233.481,9,5,2,4,11
LW-16990,6,3230.308,34,4,3,4,11
JL-15505,6,3173.874,50,4,3,4,11
JM-15250,6,3159.122,38,4,3,4,11
MS-17770,9,3144.678,122,2,5,4,11
RD-19900,9,3133.924,115,2,5,4,11
EH-14125,10,3082.653,153,2,5,4,11
DB-13120,7,2973.094,49,4,3,4,11
NS-18640,13,2964.823,175,2,5,4,11
TM-21010,8,2955.2259999999997,104,3,4,4,11
BC-11125,9,2933.676,203,2,5,4,11
JK-16120,10,2932.484,118,2,5,4,11
RD-19585,10,2912.894,181,2,5,4,11
CY-12745,8,2900.026,61,3,4,4,11
MT-17815,6,2890.1389999999997,50,4,3,4,11
BF-11020,8,2888.506,75,3,4,4,11
AW-10930,7,2852.9680000000003,47,4,3,4,11
EA-14035,13,2846.705,153,2,5,4,11
JC-15775,9,2772.0550000000003,159,2,5,4,11
ML-17395,9,2722.843,70,3,5,3,11
JK-15370,8,2709.632,45,4,4,3,11
CA-12265,9,2648.2872,57,3,5,3,11
SU-20665,7,2595.364,21,5,3,3,11
LC-16870,8,2580.7039999999997,28,4,4,3,11
SC-20695,10,2576.408,90,3,5,3,11
BS-11755,7,2562.382,2,5,3,3,11
CM-12160,6,2533.3140000000003,27,5,3,3,11
HF-14995,7,2533.164,22,5,3,3,11
DJ-13510,8,2501.688,49,4,4,3,11
PO-18865,7,2493.214,1,5,3,3,11
NZ-18565,9,2488.31,86,3,5,3,11
BP-11290,7,2475.157,13,5,3,3,11
JF-15415,6,2371.4480000000003,3,5,3,3,11
MK-17905,8,2302.368,29,4,4,3,11
KM-16225,6,2260.958,15,5,3,3,11
TS-21505,6,2243.274,12,5,3,3,11
JG-15310,6,2240.58,3,5,3,3,11
RP-19855,8,2170.716,29,4,4,3,11
PG-18895,9,1987.164,58,3,5,3,11
ME-17725,8,1908.4532,29,4,4,3,11
AH-10030,7,1744.7,13,5,3,3,11
KE-16420,8,1686.7312,27,5,4,2,11
CC-12475,9,1659.438,40,4,5,2,11
MV-17485,9,1560.05,28,4,5,2,11
MB-17305,10,1548.702,49,4,5,2,11
DL-13315,8,1458.258,23,5,4,2,11
TD-20995,9,1434.548,38,4,5,2,11
SS-20140,8,1324.028,16,5,4,2,11
RD-19810,8,1137.616,15,5,4,2,11
AB-10165,8,1113.838,26,5,4,2,11
SM-20320,5,25043.05,80,3,2,5,10
TB-21400,7,9133.99,203,2,3,5,10
CM-12385,4,8954.019999999999,38,4,1,5,10
NP-18700,7,7903.182500000001,139,2,3,5,10
JM-15865,7,7625.076,110,2,3,5,10
RW-19540,7,7397.401,121,2,3,5,10
NW-18400,7,7234.014,173,2,3,5,10
NM-18445,7,6459.344,161,2,3,5,10
SB-20185,6,6410.996,189,2,3,5,10
TS-21205,7,5371.09,199,2,3,5,10
MW-18235,2,5253.876,45,4,1,5,10
HR-14830,7,5248.787,160,2,3,5,10
IL-15100,7,5040.736,143,2,3,5,10
AJ-10795,7,4501.391,167,2,3,5,10
JK-15205,5,4427.142,62,3,2,5,10
KW-16435,5,4416.52,97,3,2,5,10
EB-13840,5,4358.128,91,3,2,5,10
DK-12895,5,4282.176,46,4,2,4,10
CB-12535,8,4246.4555,198,2,4,4,10
TH-21550,7,4234.096,73,3,3,4,10
SV-20785,9,4105.305,321,1,5,4,10
SP-20920,6,3990.6890000000003,71,3,3,4,10
GA-14515,8,3919.7760000000003,150,2,4,4,10
BS-11380,5,3887.834,29,4,2,4,10
CA-11965,6,3789.7228,97,3,3,4,10
JK-15625,7,3760.028,62,3,3,4,10
SC-20260,8,3729.7929999999997,188,2,4,4,10
RH-19495,5,3621.376,33,4,2,4,10
GM-14440,7,3582.82,84,3,3,4,10
ES-14020,5,3510.4579999999996,41,4,2,4,10
AG-10675,7,3489.0396,98,3,3,4,10
ED-13885,8,3484.92,136,2,4,4,10
FC-14245,7,3418.7419999999997,71,3,3,4,10
SG-20080,3,3406.5809999999997,9,5,1,4,10
VP-21760,7,3360.526,76,3,3,4,10
DJ-13630,3,3356.398,13,5,1,4,10
BD-11605,7,3288.471,98,3,3,4,10
DL-12925,6,3272.2000000000003,58,3,3,4,10
DG-13300,5,3195.818,33,4,2,4,10
TN-21040,7,3130.221,91,3,3,4,10
SN-20710,7,3127.9592,80,3,3,4,10
SL-20155,7,3053.012,71,3,3,4,10
AS-10045,7,3050.692,89,3,3,4,10
MH-18025,5,2984.948,50,4,2,4,10
FA-14230,7,2984.054,98,3,3,4,10
ML-17410,6,2921.5,55,3,3,4,10
TS-21610,7,2820.424,56,3,3,4,10
MM-18055,8,2749.881,62,3,4,3,10
MC-17275,8,2725.982,77,3,4,3,10
DK-13090,7,2650.5570000000002,43,4,3,3,10
SO-20335,6,2602.5755,30,4,3,3,10
CC-12610,7,2540.6310000000003,35,4,3,3,10
AC-10615,5,2537.6859999999997,7,5,2,3,10
FM-14380,9,2523.266,146,2,5,3,10
JB-16045,5,2518.1150000000002,8,5,2,3,10
JS-16030,6,2516.494,29,4,3,3,10
MN-17935,6,2477.946,35,4,3,3,10
MH-17455,8,2456.1820000000002,86,3,4,3,10
BS-11590,6,2454.928,36,4,3,3,10
MC-17590,6,2426.067,52,4,3,3,10
AG-10495,8,2356.855,79,3,4,3,10
EM-13825,8,2339.598,56,3,4,3,10
KN-16705,8,2280.58,99,3,4,3,10
CC-12670,7,2269.7015,30,4,3,3,10
MY-17380,7,2254.285,30,4,3,3,10
NC-18415,6,2218.9900000000002,42,4,3,3,10
GW-14605,7,2189.0190000000002,29,4,3,3,10
ML-17755,7,2071.9139999999998,30,4,3,3,10
AF-10870,7,2052.908,42,4,3,3,10
HP-14815,7,1990.314,31,4,3,3,10
DB-13615,7,1989.0500000000002,34,4,3,3,10
SW-20275,6,1966.6499999999999,31,4,3,3,10
KD-16345,6,1888.964,42,4,3,3,10
SC-20440,7,1874.998,37,4,3,3,10
BG-11695,6,1874.172,37,4,3,3,10
EG-13900,5,1832.0200000000002,23,5,2,3,10
MF-18250,5,1758.3000000000002,8,5,2,3,10
MV-18190,7,1734.5739999999998,20,5,3,2,10
JP-16135,9,1707.71,103,3,5,2,10
AP-10720,8,1638.5539999999999,42,4,4,2,10
CK-12760,9,1582.109,83,3,5,2,10
GB-14530,11,1568.44,63,3,5,2,10
CM-12190,6,1475.144,9,5,3,2,10
LE-16810,6,1469.45,22,5,3,2,10
PN-18775,8,1467.152,31,4,4,2,10
MC-17575,8,1303.893,28,4,4,2,10
DO-13645,7,1267.316,27,5,3,2,10
JW-15955,7,1244.086,6,5,3,2,10
PJ-18835,8,1220.0900000000001,40,4,4,2,10
EH-14005,7,1219.53,3,5,3,2,10
JL-15130,6,1214.956,9,5,3,2,10
AT-10435,6,1171.8139999999996,22,5,3,2,10
DB-13660,7,1155.202,13,5,3,2,10
CW-11905,6,1136.592,23,5,3,2,10
KB-16600,7,983.9220000000001,2,5,3,2,10
RF-19840,8,945.222,7,5,4,1,10
TA-21385,4,14595.62,70,3,1,5,9
GT-14635,3,9351.212,57,3,1,5,9
RH-19510,6,6979.18,468,1,3,5,9
PS-19045,7,6843.634,237,1,3,5,9
VD-21670,6,6442.254,582,1,3,5,9
AA-10315,5,5563.5599999999995,185,2,2,5,9
TP-21415,5,5329.0048,105,2,2,5,9
DW-13480,5,5271.628,218,2,2,5,9
DH-13075,6,4932.871999999999,278,1,3,5,9
IM-15070,7,4930.474,391,1,3,5,9
GH-14425,4,4172.8460000000005,51,4,1,4,9
PM-19135,4,4115.662,52,4,1,4,9
DB-13555,7,3908.8028,108,2,3,4,9
NP-18670,5,3908.402,59,3,2,4,9
FC-14335,7,3889.366,185,2,3,4,9
OT-18730,5,3818.6240000000003,66,3,2,4,9
MD-17350,7,3766.382,118,2,3,4,9
JK-16090,3,3747.668,29,4,1,4,9
RW-19690,5,3495.646,80,3,2,4,9
RF-19345,8,3309.1499999999996,391,1,4,4,9
RR-19525,6,3302.2619999999997,171,2,3,4,9
RS-19420,5,3221.29,77,3,2,4,9
GM-14680,6,3163.628,153,2,3,4,9
SG-20605,6,3124.8320000000003,109,2,3,4,9
EB-14110,6,3071.126,114,2,3,4,9
SS-20410,6,3056.8070000000002,111,2,3,4,9
CA-12775,7,3041.566,121,2,3,4,9
SW-20455,7,2921.544,163,2,3,4,9
ND-18460,6,2893.455,184,2,3,4,9
PV-18985,5,2876.0460000000003,90,3,2,4,9
LS-16945,6,2845.2700000000004,179,2,3,4,9
PF-19165,6,2770.0,197,2,3,4,9
KB-16585,12,2744.742,231,1,5,3,9
JE-16165,3,2697.248,21,5,1,3,9
NS-18505,4,2575.863,7,5,1,3,9
VM-21685,7,2454.866,55,3,3,3,9
RF-19735,7,2341.2960000000003,90,3,3,3,9
JF-15190,7,2279.5860000000002,66,3,3,3,9
MC-17605,8,2258.192,113,2,4,3,9
MH-17785,7,2203.7780000000002,99,3,3,3,9
JR-16210,5,2201.686,34,4,2,3,9
KN-16450,5,2171.962,53,4,2,3,9
HA-14905,7,2163.2999999999997,70,3,3,3,9
NM-18520,10,2161.9790000000003,245,1,5,3,9
CD-11920,5,2033.968,41,4,2,3,9
VB-21745,6,2005.596,55,3,3,3,9
JO-15280,6,1934.272,93,3,3,3,9
GD-14590,4,1888.07,6,5,1,3,9
SG-20470,8,1884.7980000000002,184,2,4,3,9
SP-20650,9,1872.4360000000001,387,1,5,3,9
NG-18355,5,1869.58,49,4,2,3,9
PR-18880,5,1840.178,37,4,2,3,9
AJ-10945,7,1839.24,86,3,3,3,9
PC-18745,4,1832.064,3,5,1,3,9
JM-15265,5,1804.146,38,4,2,3,9
LH-17155,9,1739.689,386,1,5,3,9
DK-12985,5,1687.04,8,5,2,2,9
JP-15460,7,1669.1349999999998,38,4,3,2,9
JL-15175,5,1571.523,7,5,2,2,9
KA-16525,7,1519.506,37,4,3,2,9
DL-12865,8,1503.112,101,3,4,2,9
BN-11515,5,1459.344,10,5,2,2,9
PB-19150,8,1456.95,98,3,4,2,9
MB-18085,7,1428.231,45,4,3,2,9
FG-14260,7,1383.144,35,4,3,2,9
SJ-20215,6,1341.036,30,4,3,2,9
BM-11785,10,1338.842,219,2,5,2,9
DO-13435,9,1300.0315,134,2,5,2,9
HR-14770,5,1299.288,14,5,2,2,9
PS-18970,8,1278.639,70,3,4,2,9
GM-14500,10,1255.682,107,2,5,2,9
TC-21475,9,1244.9759999999999,154,2,5,2,9
DC-13285,5,1174.618,24,5,2,2,9
DV-13045,5,1119.483,20,5,2,2,9
JF-15490,11,1082.918,122,2,5,2,9
DP-13000,9,1050.636,127,2,5,2,9
LS-17245,6,1008.136,35,4,3,2,9
MS-17980,6,855.116,27,5,3,1,9
MG-17890,9,776.384,100,3,5,1,9
MM-18280,9,775.414,86,3,5,1,9
TC-21535,7,742.558,5,5,3,1,9
TC-20980,5,19052.218000000004,400,1,2,5,8
BS-11365,5,10501.653,559,1,2,5,8
KD-16270,5,8282.358,485,1,2,5,8
GM-14695,3,6049.966,118,2,1,5,8
MC-17425,5,4432.138,400,1,2,5,8
SC-20230,4,4371.9580000000005,150,2,1,5,8
BE-11335,5,4204.676,120,2,2,4,8
PW-19240,7,3922.415,465,1,3,4,8
KC-16540,4,3908.262,98,3,1,4,8
TB-21175,4,3589.296,59,3,1,4,8
MP-17470,7,3206.132,720,1,3,4,8
MG-18145,4,3061.543,85,3,1,4,8
KT-16465,7,3057.1000000000004,392,1,3,4,8
CK-12325,5,2945.321,121,2,2,4,8
TH-21115,4,2942.772,59,3,1,4,8
RD-19660,5,2786.632,115,2,2,4,8
BT-11530,5,2684.4919999999997,92,3,2,3,8
NH-18610,7,2673.29,190,2,3,3,8
EJ-14155,5,2656.691,58,3,2,3,8
CC-12145,7,2471.6500000000005,107,2,3,3,8
MA-17995,6,2453.284,187,2,3,3,8
MH-17290,6,2394.025,120,2,3,3,8
BE-11410,5,2261.438,99,3,2,3,8
LW-16825,5,2238.061,89,3,2,3,8
PS-18760,6,2181.479,108,2,3,3,8
DN-13690,7,2139.79,218,2,3,3,8
LC-17050,5,2095.064,55,3,2,3,8
NF-18595,7,2031.472,115,2,3,3,8
JF-15355,6,1911.844,106,2,3,3,8
SN-20560,6,1860.4180000000001,112,2,3,3,8
PJ-19015,7,1824.2340000000002,135,2,3,3,8
AH-10120,7,1735.5140000000001,61,3,3,2,8
JM-15535,7,1733.443,103,3,3,2,8
BP-11155,6,1697.861,90,3,3,2,8
MO-17800,8,1687.027,105,2,4,2,8
CM-12115,4,1661.61,9,5,1,2,8
EB-13975,4,1643.255,1,5,1,2,8
KB-16315,9,1569.464,297,1,5,2,8
ON-18715,9,1567.52,411,1,5,2,8
BD-11620,6,1538.11,70,3,3,2,8
BD-11725,6,1526.5,94,3,3,2,8
TT-21220,8,1427.044,184,2,4,2,8
CA-12310,4,1421.954,14,5,1,2,8
NG-18430,5,1395.938,49,4,2,2,8
MD-17860,5,1204.9099999999999,37,4,2,2,8
EB-14170,6,1186.326,83,3,3,2,8
BP-11230,5,1181.49,40,4,2,2,8
SW-20245,7,1085.078,82,3,3,2,8
DW-13195,6,1080.751,70,3,3,2,8
TH-21235,8,1022.201,118,2,4,2,8
LS-17200,6,1010.2560000000001,97,3,3,2,8
BG-11740,6,1006.356,58,3,3,2,8
AB-10150,5,966.71,42,4,2,2,8
JH-15910,7,959.4770000000001,42,4,3,1,8
AB-10255,9,914.5319999999999,167,2,5,1,8
CG-12040,6,904.4680000000001,50,4,3,1,8
JM-15655,5,864.947,9,5,2,1,8
VF-21715,5,847.944,14,5,2,1,8
AG-10330,5,660.972,9,5,2,1,8
LO-17170,5,644.35,3,5,2,1,8
JB-16000,7,644.1188,44,4,3,1,8
RB-19570,5,528.5459999999999,26,5,2,1,8
KM-16660,5,453.538,16,5,2,1,8
JM-15580,5,303.948,1,5,2,1,8
DD-13570,6,269.54200000000003,42,4,3,1,8
AR-10510,5,264.86400000000003,15,5,2,1,8
PL-18925,5,239.481,16,5,2,1,8
BM-11140,4,11789.630000000001,308,1,1,5,7
PF-19120,4,9062.864,836,1,1,5,7
JS-15880,5,3868.02,535,1,2,4,7
TS-21655,5,3368.094,239,1,2,4,7
SC-20020,5,3362.9636,782,1,2,4,7
TG-21310,5,3058.372,338,1,2,4,7
DB-12970,5,2839.2272,242,1,2,4,7
CV-12295,5,2830.6279999999997,255,1,2,4,7
LL-16840,6,2741.2039999999997,250,1,3,3,7
JL-15850,6,2725.256,615,1,3,3,7
BO-11350,5,2682.728,138,2,2,3,7
EM-13810,5,2567.0099999999998,133,2,2,3,7
MZ-17515,6,2564.906,283,1,3,3,7
NC-18340,5,2461.404,225,2,2,3,7
NR-18550,5,2367.277,211,2,2,3,7
CL-12700,5,2353.586,106,2,2,3,7
MG-17680,4,2350.188,93,3,1,3,7
AR-10405,5,2236.1279999999997,126,2,2,3,7
PF-19225,5,2206.128,115,2,2,3,7
JL-15235,5,2203.7,120,2,2,3,7
TB-21280,6,2198.4500000000003,584,1,3,3,7
BT-11395,6,2186.6130000000003,303,1,3,3,7
TS-21160,6,2163.6240000000003,505,1,3,3,7
JD-15790,5,2152.352,118,2,2,3,7
CR-12580,4,2148.852,58,3,1,3,7
KC-16255,6,2120.954,408,1,3,3,7
RB-19705,4,2067.45,55,3,1,3,7
TS-21430,5,2054.14,173,2,2,3,7
LR-17035,5,1879.306,133,2,2,3,7
NC-18625,5,1821.7420000000002,205,2,2,3,7
CC-12100,6,1770.945,458,1,3,3,7
DS-13030,4,1762.213,94,3,1,3,7
BW-11200,6,1738.4060000000002,204,2,3,2,7
TZ-21580,4,1707.286,36,4,1,2,7
RA-19945,5,1686.9225000000001,62,3,2,2,7
CM-11815,6,1673.888,132,2,3,2,7
AZ-10750,6,1622.018,161,2,3,2,7
AB-10600,4,1515.862,51,4,1,2,7
JG-15805,6,1507.018,224,2,3,2,7
JE-15475,6,1388.682,194,2,3,2,7
BF-11005,4,1333.8799999999999,40,4,1,2,7
DM-12955,7,1322.0339999999999,115,2,3,2,7
EK-13795,4,1303.4779999999998,45,4,1,2,7
CS-11845,5,1278.9540000000002,92,3,2,2,7
SC-20680,6,1254.64,127,2,3,2,7
CD-12280,2,1205.5839999999998,43,4,1,2,7
JS-15685,4,1131.0639999999999,43,4,1,2,7
PO-19195,5,1056.858,87,3,2,2,7
VP-21730,3,993.9019999999999,31,4,1,2,7
BP-11050,5,983.4199999999998,84,3,2,2,7
RD-19930,4,970.942,43,4,1,2,7
HZ-14950,5,886.52,36,4,2,1,7
HE-14800,4,883.5319999999999,13,5,1,1,7
SK-19990,3,883.4089999999999,9,5,1,1,7
AS-10630,7,833.398,93,3,3,1,7
AM-10360,5,814.012,29,4,2,1,7
BM-11575,6,808.1619999999999,101,3,3,1,7
DK-13150,2,797.832,11,5,1,1,7
SF-20065,7,763.5459999999999,60,3,3,1,7
PB-18805,3,740.356,26,5,1,1,7
AH-10585,4,738.504,22,5,1,1,7
PA-19060,6,729.408,104,3,3,1,7
EH-13945,8,684.1709999999999,218,2,4,1,7
BK-11260,6,659.1379999999999,78,3,3,1,7
AW-10840,4,649.376,21,5,1,1,7
RR-19315,2,615.932,20,5,1,1,7
BF-10975,7,599.7980000000001,92,3,3,1,7
BD-11635,3,582.646,10,5,1,1,7
NK-18490,7,572.048,71,3,3,1,7
AY-10555,4,497.014,15,5,1,1,7
EC-14050,5,461.914,54,4,2,1,7
LT-16765,3,329.876,27,5,1,1,7
JH-15430,4,309.281,6,5,1,1,7
BF-11080,3,272.95000000000005,26,5,1,1,7
BN-11470,4,265.296,25,5,1,1,7
GH-14665,2,146.94080000000002,3,5,1,1,7
RS-19870,2,22.328,20,5,1,1,7
CM-12715,4,3984.4524,1036,1,1,4,6
BS-11665,3,3288.1099999999997,583,1,1,4,6
LC-16960,4,3246.626,437,1,1,4,6
IM-15055,3,2872.63,410,1,1,4,6
CC-12685,4,2854.1150000000002,800,1,1,4,6
AG-10270,5,2582.8979999999997,279,1,2,3,6
BT-11305,5,2567.656,337,1,2,3,6
DE-13255,5,2550.874,720,1,2,3,6
AH-10465,5,2495.3916,231,1,2,3,6
GZ-14545,4,2454.6220000000003,158,2,1,3,6
TH-21100,5,2422.8239999999996,345,1,2,3,6
CM-12235,5,2305.712,386,1,2,3,6
FH-14350,4,2271.284,213,2,1,3,6
KD-16615,5,2243.51,290,1,2,3,6
TG-21640,4,2074.661,115,2,1,3,6
CD-12790,5,1860.732,400,1,2,3,6
BE-11455,6,1727.652,255,1,3,2,6
MS-17710,6,1613.402,414,1,3,2,6
TB-21250,7,1602.376,350,1,3,2,6
CR-12730,4,1600.55,79,3,1,2,6
AH-10195,4,1587.452,56,3,1,2,6
BF-11215,4,1585.162,66,3,1,2,6
ZD-21925,5,1493.944,203,2,2,2,6
TB-21055,5,1467.881,120,2,2,2,6
RM-19375,6,1453.4740000000002,346,1,3,2,6
NL-18310,4,1418.0900000000001,59,3,1,2,6
CR-12820,3,1397.8724000000002,86,3,1,2,6
SP-20545,6,1306.086,328,1,3,2,6
SV-20815,4,1271.09,77,3,1,2,6
ME-18010,4,1256.944,93,3,1,2,6
MG-17875,5,1242.833,117,2,2,2,6
NP-18685,6,1228.698,407,1,3,2,6
DW-13585,7,1204.854,243,1,3,2,6
KC-16675,4,1146.05,58,3,1,2,6
JO-15550,5,1090.838,216,2,2,2,6
RB-19330,2,1008.1959999999999,69,3,1,2,6
RC-19825,6,966.409,370,1,3,2,6
SS-20875,5,964.636,121,2,2,2,6
EH-14185,6,923.884,106,2,3,1,6
SC-20575,5,902.7280000000001,93,3,2,1,6
RC-19960,6,885.752,111,2,3,1,6
JC-16105,5,858.576,58,3,2,1,6
VG-21790,6,846.01,155,2,3,1,6
TB-21190,4,816.1740000000001,50,4,1,1,6
HG-14845,5,785.6279999999999,55,3,2,1,6
LP-17080,4,756.606,41,4,1,1,6
MZ-17335,4,593.606,31,4,1,1,6
AS-10240,7,584.6080000000001,193,2,3,1,6
CS-12460,2,550.644,28,4,1,1,6
CS-11860,6,537.632,163,2,3,1,6
JH-15820,6,528.91,175,2,3,1,6
ST-20530,7,433.34000000000003,126,2,3,1,6
JD-16015,6,385.43,113,2,3,1,6
DW-13540,5,344.08000000000004,99,3,2,1,6
SC-20800,4,279.256,31,4,1,1,6
EM-14065,4,228.99,48,4,1,1,6
GT-14755,4,226.43599999999998,35,4,1,1,6
CC-12550,3,113.832,28,4,1,1,6
AS-10135,2,58.82,42,4,1,1,6
LB-16735,3,50.188,49,4,1,1,6
DF-13135,3,2390.534,701,1,1,3,5
JG-15115,3,2358.676,759,1,1,3,5
JH-16180,4,2256.3940000000002,405,1,1,3,5
EN-13780,4,2199.366,288,1,1,3,5
EJ-13720,4,2162.174,303,1,1,3,5
SH-20635,2,2096.392,766,1,1,3,5
RH-19600,3,2085.74,535,1,1,3,5
DJ-13420,4,2012.52,638,1,1,3,5
LD-17005,4,1961.934,415,1,1,3,5
TP-21565,4,1936.6399999999999,351,1,1,3,5
AA-10480,4,1790.512,260,1,1,3,5
DB-13405,4,1711.692,188,2,1,2,5
CA-12055,5,1679.724,402,1,2,2,5
MC-18130,5,1581.998,370,1,2,2,5
BV-11245,5,1523.273,335,1,2,2,5
RK-19300,3,1460.192,120,2,1,2,5
JS-15595,4,1417.654,120,2,1,2,5
TB-21595,5,1387.559,286,1,2,2,5
SB-20170,3,1348.02,202,2,1,2,5
LM-17065,5,1346.774,392,1,2,2,5
MT-18070,4,1319.4497999999999,204,2,1,2,5
SJ-20500,5,1318.7759999999998,254,1,2,2,5
MM-17260,4,1314.0230000000001,169,2,1,2,5
Co-12640,5,1300.076,550,1,2,2,5
CL-11890,4,1262.0140000000001,107,2,1,2,5
LW-17125,3,1259.04,206,2,1,2,5
MH-17620,4,1252.8,156,2,1,2,5
TM-21490,3,1094.6779999999999,131,2,1,2,5
DB-13360,5,1081.466,265,1,2,2,5
JC-15385,1,1058.108,176,2,1,2,5
VS-21820,4,1055.981,222,2,1,2,5
AR-10345,4,1055.694,112,2,1,2,5
EM-14095,4,1041.042,114,2,1,2,5
TC-21145,1,1038.26,107,2,1,2,5
SW-20350,3,1019.0439999999999,163,2,1,2,5
TS-21340,5,974.782,227,1,2,2,5
EB-13930,5,944.6,162,2,2,1,5
EM-13960,5,933.704,152,2,2,1,5
MO-17500,4,922.4870000000001,73,3,1,1,5
JR-15700,1,863.88,69,3,1,1,5
TB-21355,5,834.328,147,2,2,1,5
EH-13990,6,825.9499999999999,406,1,3,1,5
BF-11275,3,791.9899999999999,58,3,1,1,5
Dl-13600,5,755.602,120,2,2,1,5
IG-15085,4,744.574,72,3,1,1,5
BB-10990,5,744.34,106,2,2,1,5
ML-18040,3,742.082,80,3,1,1,5
PH-18790,1,729.648,71,3,1,1,5
PB-19105,4,688.324,58,3,1,1,5
TR-21325,5,675.942,194,2,2,1,5
BD-11770,6,658.466,328,1,3,1,5
CD-11980,3,639.766,55,3,1,1,5
AJ-10960,3,629.2479999999999,75,3,1,1,5
DL-13330,4,585.02,58,3,1,1,5
SS-20590,6,418.49,433,1,3,1,5
VM-21835,5,380.69,118,2,2,1,5
HJ-14875,5,358.1,127,2,2,1,5
HH-15010,2,218.668,73,3,1,1,5
AG-10390,5,200.945,115,2,2,1,5
AG-10765,4,170.584,78,3,1,1,5
ML-18265,2,162.232,101,3,1,1,5
PT-19090,4,160.572,72,3,1,1,5
BO-11425,2,130.83,76,3,1,1,5
EL-13735,2,124.28,78,3,1,1,5
VT-21700,2,1736.596,1001,1,1,2,4
CH-12070,3,1537.236,692,1,1,2,4
AG-10525,4,1455.0379999999998,846,1,1,2,4
PK-18910,2,1441.152,484,1,1,2,4
JW-16075,4,1428.731,462,1,1,2,4
PM-18940,3,1405.402,387,1,1,2,4
DM-13525,3,1376.7920000000001,482,1,1,2,4
GH-14485,2,1361.2440000000001,388,1,1,2,4
MG-17695,3,1342.282,556,1,1,2,4
GR-14560,2,1284.38,1136,1,1,2,4
ER-13855,3,1245.788,422,1,1,2,4
JR-15670,2,1156.658,594,1,1,2,4
CG-12520,3,1148.7800000000002,339,1,1,2,4
CS-12490,4,1077.2285,425,1,1,2,4
PC-19000,2,1061.488,883,1,1,2,4
DP-13165,2,1058.616,813,1,1,2,4
DH-13675,4,1043.096,777,1,1,2,4
SM-20905,1,1043.041,607,1,1,2,4
MK-18160,4,1031.602,241,1,1,2,4
JF-15295,5,955.124,226,1,2,1,4
MF-17665,5,937.039,422,1,2,1,4
KB-16405,3,908.8209999999999,118,2,1,1,4
RE-19450,5,876.6959999999999,303,1,2,1,4
CS-12175,5,844.4580000000001,233,1,2,1,4
MC-17635,4,795.154,190,2,1,1,4
JJ-15445,5,709.178,484,1,2,1,4
AC-10660,5,657.316,283,1,2,1,4
MR-17545,4,639.178,126,2,1,1,4
JS-15940,5,469.169,464,1,2,1,4
VG-21805,5,427.372,287,1,2,1,4
BW-11065,3,385.516,213,2,1,1,4
AG-10300,4,367.548,119,2,1,1,4
EM-14200,3,366.822,159,2,1,1,4
LH-16750,3,287.426,152,2,1,1,4
SC-20845,2,280.632,132,2,1,1,4
RB-19645,5,221.084,649,1,2,1,4
MO-17950,2,154.288,181,2,1,1,4
JC-15340,4,71.263,115,2,1,1,4
RP-19270,4,954.6451999999999,497,1,1,1,3
BS-11800,2,949.43,266,1,1,1,3
AC-10420,3,925.8,233,1,1,1,3
JB-15925,3,900.552,738,1,1,1,3
AB-10015,3,886.156,416,1,1,1,3
CS-12130,4,884.64,490,1,1,1,3
AF-10885,4,861.5649999999999,416,1,1,1,3
SW-20755,2,758.6959999999999,535,1,1,1,3
RH-19555,2,740.382,520,1,1,1,3
HM-14980,4,736.2760000000001,248,1,1,1,3
JD-16060,3,695.442,301,1,1,1,3
SS-20515,3,613.4000000000001,492,1,1,1,3
BT-11440,4,603.876,561,1,1,1,3
CM-11935,2,565.392,709,1,1,1,3
CR-12625,3,475.90000000000003,471,1,1,1,3
MS-17530,4,475.65599999999995,435,1,1,1,3
KW-16570,4,449.096,772,1,1,1,3
TT-21265,3,439.5,407,1,1,1,3
BT-11485,2,415.19599999999997,660,1,1,1,3
MH-17440,4,400.016,377,1,1,1,3
JK-15325,3,383.812,288,1,1,1,3
NF-18475,4,377.16200000000003,526,1,1,1,3
MS-17830,4,370.348,453,1,1,1,3
LS-17230,3,368.88,778,1,1,1,3
BD-11560,2,320.54,279,1,1,1,3
LH-17020,4,318.23900000000003,240,1,1,1,3
CM-12445,3,287.99,437,1,1,1,3
NB-18580,2,273.87199999999996,1166,1,1,1,3
HD-14785,3,251.36,770,1,1,1,3
SM-20005,4,244.49399999999997,422,1,1,1,3
GP-14740,2,236.53,766,1,1,1,3
JJ-15760,2,195.0,754,1,1,1,3
AO-10810,1,161.28,502,1,1,1,3
DA-13450,4,156.76,353,1,1,1,3
PB-19210,2,132.738,689,1,1,1,3
RM-19750,1,98.35,300,1,1,1,3
KS-16300,3,88.472,296,1,1,1,3
AR-10570,1,88.15,535,1,1,1,3
FW-14395,3,79.75,363,1,1,1,3
RE-19405,1,48.36,1098,1,1,1,3
SG-20890,3,47.946,227,1,1,1,3
MG-18205,1,16.739,265,1,1,1,3
CJ-11875,1,16.52,366,1,1,1,3
LD-16855,1,5.304,553,1,1,1,3
TS-21085,2,4.833,358,1,1,1,3
